cohort,regime,subset,comparator,mean_relative_mse_gain,mean_relative_mae_gain,mouse_wins,mice,seed_wins,seed_cases,worst_mouse_gain,practical_pass,two_sided_sign_p,holm_p
development,shared,first,optimized_population_mlp,-0.08302223770311606,-0.13254247081515258,0,4,2,12,-0.15711055845540733,False,,
development,shared,first,optimized_local_mlp,0.04760940176318887,-0.02055778209709183,3,4,6,12,-0.3098108099024104,False,,
development,shared,first,default_attention,0.10005733660895591,0.10425348850408958,4,4,7,12,0.0009424316578512393,False,,
development,shared,first,default_local_mlp,0.32179412540080315,0.33221169424596453,3,4,10,12,-0.07586782531012726,True,,
development,shared,first,matched_population_mlp,-0.0783994010999341,-0.09760419952890159,1,4,2,12,-0.2701114658673409,False,,
development,shared,first,ridge,0.39161034757914825,0.4214771623813488,4,4,12,12,0.09165149860508603,True,,
development,shared,second,optimized_population_mlp,-0.1255962141331664,-0.09333634704975607,0,4,2,12,-0.2814362518648763,False,,
development,shared,second,optimized_local_mlp,0.17346908164800262,0.16384289415615383,3,4,9,12,-0.4043391632201332,False,,
development,shared,second,default_attention,0.1387046697107005,0.1708832673955347,3,4,9,12,-0.07298530378520818,True,,
development,shared,second,default_local_mlp,0.07962918030485511,0.19485713310705433,3,4,8,12,-0.41712177790641936,False,,
development,shared,second,matched_population_mlp,0.001639932260667304,0.034064150711628466,2,4,7,12,-0.05207749456552513,False,,
development,shared,second,ridge,0.396078270086612,0.43848924419242935,4,4,11,12,0.07049965444847017,True,,
development,shared,all,optimized_population_mlp,-0.10283860552584212,-0.1128224299302305,0,4,4,24,-0.18714136928772618,False,,
development,shared,all,optimized_local_mlp,0.1237224712444498,0.08593075650630883,3,4,15,24,-0.3559723934198775,False,,
development,shared,all,default_attention,0.1301266033271564,0.1465977976301137,3,4,16,24,-0.0351276653848942,True,,
development,shared,all,default_local_mlp,0.22553694224473733,0.27784870485663116,3,4,18,24,-0.22506844896947453,False,,
development,shared,all,matched_population_mlp,-0.034641484044791004,-0.027070086458834436,2,4,9,24,-0.15084633485330157,False,,
development,shared,all,ridge,0.3938443088328801,0.4299832032868891,4,4,23,24,0.08107557652677788,True,,
separate,independent,all,optimized_population_mlp,0.02330842379828194,-0.012044343580502279,3,7,11,21,-0.03083386249572695,False,1.0,1.0
separate,independent,all,default_attention,-0.002165311239404872,0.003944073640822721,4,7,11,21,-0.1371134152736071,False,1.0,1.0
separate,independent,all,ridge,0.08171492166454661,0.14326572885752506,3,7,12,21,-0.08914480573711003,False,1.0,1.0
separate,shared,all,optimized_population_mlp,-0.015002202590427964,-0.040094648758053034,2,7,9,21,-0.053058470323043005,False,,
separate,shared,all,default_attention,0.02959236471927865,0.018684869473252017,5,7,10,21,-0.03375075518095083,False,,
separate,shared,all,ridge,0.030983425963198967,0.07678745469856331,4,7,8,21,-0.12552140295372283,False,,
