mouse,model,mse,mae,r2,qfm,active_mse,mse_gain_vs_ridge
D3,ridge,0.480656822204592,0.48241597346776094,0.5155966336922149,0.22220881462943948,0.7839819034794457,0.0
D4,ridge,0.3500914693667199,0.4213805068659964,0.6743560886187994,0.3086279782294961,0.4937964448979982,0.0
D7,ridge,0.8272427257378048,0.35000097181061773,0.31970130084956916,0.11249458078623459,5.108430423952511,0.0
D9,ridge,0.25135376597420034,0.3496923966280881,0.7497717604251206,0.23518356155355957,0.3997076834312223,0.0
D3,mlp,0.4107927776311515,0.40814767534217494,0.5860052429366015,0.0903918506798596,0.6834608602782436,0.14535119724921497
D4,mlp,0.24042311945765013,0.2620844501319592,0.7763660875591122,0.07241915198131667,0.5131187407146576,0.3132562758739844
D7,mlp,0.7760375342675793,0.31515696206048194,0.36181085837499133,0.06303553112569792,4.700003358005939,0.06189863008412244
D9,mlp,0.17105000090837938,0.21956594650802352,0.8297159366572667,0.05139158607823626,0.3575050453161875,0.31948502842031645
D3,transformer,0.3995241123776306,0.39614388903913783,0.5973617433136577,0.08510458280272755,0.7042064401050784,0.1687955024851956
D4,transformer,0.26772566268140713,0.278577591403463,0.7509701332328862,0.08417794521788963,0.5319444320827097,0.23526939069467823
D7,transformer,0.7733889535587011,0.3217965859512863,0.36398896880713544,0.0757068240078102,4.722437249548289,0.06510032727223125
D9,transformer,0.16064940334685815,0.22049067527908642,0.8400699618227914,0.05841840302970186,0.3500490830586626,0.36086335239811895
D3,blend,0.37994709291732737,0.3919558070737201,0.6170913584793141,0.08774821674129359,0.649700164652138,0.2095252259717172
D4,blend,0.2356800635460975,0.2626935491132174,0.7807779267899613,0.07829854859960311,0.4861680471578489,0.32680432353173616
D7,blend,0.7601149596592736,0.31445635330567173,0.37490508870925643,0.06937117756675405,4.653615426351277,0.08114639632359533
D9,blend,0.15424897403612556,0.2160254006700575,0.8464417309217769,0.05666169879183547,0.33452746231579694,0.38632718138005495
D3,corrected,0.38422654850885657,0.3812675531990774,0.6127785460968882,0.047183008339454414,0.671107618890734,0.2006218766508837
D4,corrected,0.23006617040137442,0.24198974496057532,0.7859997910217024,0.04107624767840525,0.49315123467045535,0.34283982749553743
D7,corrected,0.7457950092625536,0.28356603353961257,0.38668137071657016,0.02702394469152385,4.549108632359032,0.09845685424747519
D9,corrected,0.15192373076535862,0.19720867652112728,0.8487565620840324,0.024074092302410244,0.336237193322457,0.3955780603623321
