cohort,regime,mouse,role,seed,n,mse,mae,r2,raw_mse
development,control,MP030,ridge,,694,0.06574277605692627,0.12541292917875566,0.4622351573522496,0.10619001903325856
development,control,MP030,zero_speed,,694,0.1283655512250801,0.07818981370129341,-0.050008603168412824,0.1283655512250801
development,control,MP030,training_mean,,694,0.2354947797244506,0.42382744383077525,-0.9263076608330059,0.2354947797244506
development,shared,MP030,optimized_attention,201,694,0.06250295334146454,0.0850970412551829,0.4887363618538404,0.06435991493471405
development,shared,MP030,optimized_attention,202,694,0.060706754192183895,0.0770227690341705,0.5034289685676265,0.06343649624984804
development,shared,MP030,optimized_attention,203,694,0.0559423487929028,0.08816225276983636,0.5424010028126659,0.05641288838401584
development,shared,MP030,optimized_attention,204,694,0.0733473305799006,0.09886490805180896,0.40003118131520965,0.07478769802635084
development,shared,MP030,optimized_attention,205,694,0.05474603435907393,0.07274555258947736,0.5521866535236757,0.05650110966649819
development,shared,MP030,optimized_attention,206,694,0.05523043424831492,0.07377612574877336,0.5482243439614706,0.057006199409778927
development,shared,MP030,optimized_population_mlp,201,694,0.06036240383093539,0.08349263276013545,0.5062456965632948,0.0631425132153104
development,shared,MP030,optimized_population_mlp,202,694,0.059572163363559284,0.07455634055819425,0.5127097305770764,0.06123881295064015
development,shared,MP030,optimized_population_mlp,203,694,0.04233927796282484,0.06078679436080501,0.6536718326013082,0.04596640558641749
development,shared,MP030,optimized_population_mlp,204,694,0.049835619708349814,0.07494760219223744,0.5923530188699662,0.05359548117666648
development,shared,MP030,optimized_population_mlp,205,694,0.05083522892600503,0.07597449936263372,0.5841763837188108,0.05300748407052732
development,shared,MP030,optimized_population_mlp,206,694,0.04239034455453613,0.0633608695344563,0.6532541164763853,0.044783740312724696
development,shared,MP030,optimized_local_mlp,201,694,0.054076599633117436,0.0810971209241979,0.5576625169060678,0.05410554616076858
development,shared,MP030,optimized_local_mlp,202,694,0.04876701189468475,0.05826527245903769,0.6010940509229807,0.05060103861361553
development,shared,MP030,optimized_local_mlp,203,694,0.03393343670857573,0.05115000237651668,0.7224301992315687,0.03502330705939557
development,shared,MP030,optimized_local_mlp,204,694,0.035100810943650335,0.06413829411725482,0.7128812744752981,0.035884152441992875
development,shared,MP030,optimized_local_mlp,205,694,0.06118535366749961,0.07411497880336344,0.49951410541503327,0.06119273762277606
development,shared,MP030,optimized_local_mlp,206,694,0.034254807248475565,0.06015909412327952,0.719801442306683,0.03439493460254564
development,shared,MP030,default_attention,201,694,0.07562308727211292,0.11056666399154426,0.381415874616989,0.07954165595112822
development,shared,MP030,default_attention,202,694,0.04659279379943211,0.08829914265393148,0.6188787889885441,0.04908590965162857
development,shared,MP030,default_attention,203,694,0.05710517309337046,0.11994180296928578,0.5328892957556578,0.06768098601738284
development,shared,MP030,default_attention,204,694,0.060786320635272714,0.08549792913075469,0.5027781284553889,0.06471301097897886
development,shared,MP030,default_attention,205,694,0.06017919407965619,0.10481919606218865,0.5077443214918023,0.06296353794894377
development,shared,MP030,default_attention,206,694,0.0498884555496885,0.10741342982438326,0.5919208305808824,0.06003364829497318
development,shared,MP030,default_local_mlp,201,694,0.07229656969527978,0.08891619845258099,0.4086262284925488,0.07421997233976123
development,shared,MP030,default_local_mlp,202,694,0.04977693648443436,0.09367621583670714,0.5928330377643255,0.05197499078664004
development,shared,MP030,default_local_mlp,203,694,0.04444514240512411,0.06431324425118667,0.6364462159119557,0.04609751653996973
development,shared,MP030,default_local_mlp,204,694,0.037282744193236586,0.06525408929168632,0.6950334277458623,0.03774835285307176
development,shared,MP030,default_local_mlp,205,694,0.04785591620380495,0.08541798039731804,0.6085466603232709,0.048325785661237464
development,shared,MP030,default_local_mlp,206,694,0.04422481566083283,0.09444305725491955,0.6382484515959539,0.04642131999049893
development,shared,MP030,matched_population_mlp,201,694,0.0632592213887903,0.0943484527124725,0.48255021651800145,0.06518865367862633
development,shared,MP030,matched_population_mlp,202,694,0.05523231416671229,0.07426381270123807,0.5482089665453986,0.05781277048192316
development,shared,MP030,matched_population_mlp,203,694,0.050434012157022146,0.07629483501688797,0.5874582693582748,0.05181902403271835
development,shared,MP030,matched_population_mlp,204,694,0.07299626650825461,0.09470481669722408,0.402902826331911,0.0747846766739903
development,shared,MP030,matched_population_mlp,205,694,0.05937127210051618,0.08819866129956848,0.5143529872957482,0.06106741355068531
development,shared,MP030,matched_population_mlp,206,694,0.0654607610818036,0.0943071997448376,0.4645419923813917,0.06608999625187442
development,control,MP032,ridge,,573,0.015752052842758966,0.06603485904163937,-1.1548206934142127,0.059361007362190826
development,control,MP032,zero_speed,,573,0.008756422218739637,0.038029944737017395,-0.19784513076248356,0.008756422218739637
development,control,MP032,training_mean,,573,0.10870232972781134,0.32158006755877416,-13.870063721726115,0.10870232972781134
development,shared,MP032,optimized_attention,201,573,0.006986740841978006,0.034066764777694304,0.04424052559364444,0.00753679517966134
development,shared,MP032,optimized_attention,202,573,0.006975084497245136,0.03448680922797112,0.0458350690535152,0.008037076071233745
development,shared,MP032,optimized_attention,203,573,0.008450474118257835,0.04039194451192603,-0.1559925986125541,0.010051093852574697
development,shared,MP032,optimized_attention,204,573,0.006997218742901364,0.03613667797006567,0.042807188748055225,0.008000490395667598
development,shared,MP032,optimized_attention,205,573,0.007036421207212427,0.033730992241288865,0.03744444129072033,0.009768234440887143
development,shared,MP032,optimized_attention,206,573,0.00862839190693791,0.035616539573111713,-0.18033107288008776,0.010415275992960842
development,shared,MP032,optimized_population_mlp,201,573,0.009187447949150745,0.0363790902107435,-0.2568078051869018,0.010511006706301437
development,shared,MP032,optimized_population_mlp,202,573,0.0064564389936178366,0.03407940133559854,0.11678379395422445,0.00784660047814458
development,shared,MP032,optimized_population_mlp,203,573,0.006338655289771261,0.03302755792794187,0.13289615498609098,0.008480611896621857
development,shared,MP032,optimized_population_mlp,204,573,0.00620117941384498,0.03299595003033425,0.15170232998107713,0.007944901037611992
development,shared,MP032,optimized_population_mlp,205,573,0.007005452917184587,0.035868287895317236,0.04168078514112328,0.008153065017114224
development,shared,MP032,optimized_population_mlp,206,573,0.007432894487323745,0.035094803408319074,-0.01679158984108242,0.008427867126774184
development,shared,MP032,optimized_local_mlp,201,573,0.008532786312200391,0.04383743257563391,-0.16725259250657376,0.009422409703425897
development,shared,MP032,optimized_local_mlp,202,573,0.008162398282350353,0.040188083486759854,-0.11658492402673692,0.010570433714598046
development,shared,MP032,optimized_local_mlp,203,573,0.008447235146518298,0.03819800324669571,-0.15554951964377395,0.01644459274058221
development,shared,MP032,optimized_local_mlp,204,573,0.008672928368688182,0.04883460287476958,-0.18642349082388954,0.010165573538556832
development,shared,MP032,optimized_local_mlp,205,573,0.008508719645126034,0.03849556334889169,-0.16396036432837957,0.010192594558504936
development,shared,MP032,optimized_local_mlp,206,573,0.00990506892157254,0.039990424665606365,-0.3549756146044123,0.011294508920014622
development,shared,MP032,default_attention,201,573,0.008592793108828522,0.04616974268047045,-0.1754612932016857,0.012602210995100166
development,shared,MP032,default_attention,202,573,0.012563863646630705,0.042607396034042816,-0.7186885827036491,0.01907981268781349
development,shared,MP032,default_attention,203,573,0.011324523569965448,0.06553198931344809,-0.5491515915550016,0.019694462929698685
development,shared,MP032,default_attention,204,573,0.007402941637190116,0.03752194050239873,-0.012694154291636117,0.012775465877356855
development,shared,MP032,default_attention,205,573,0.007416225574793423,0.03772504753601627,-0.014511346242638723,0.010536107531368653
development,shared,MP032,default_attention,206,573,0.010948073658705997,0.04972575964148229,-0.49765468084036435,0.03693412465206992
development,shared,MP032,default_local_mlp,201,573,0.010699075788868577,0.07637848380768329,-0.4635927228278012,0.012372502120901583
development,shared,MP032,default_local_mlp,202,573,0.011415787692618282,0.04381872138234234,-0.5616361751214556,0.01820592457949159
development,shared,MP032,default_local_mlp,203,573,0.008606555187896209,0.0429162982021457,-0.17734389307964937,0.009330222374947609
development,shared,MP032,default_local_mlp,204,573,0.007922089172292692,0.040911752612691525,-0.0837115551815939,0.00879669050681143
development,shared,MP032,default_local_mlp,205,573,0.007777145811406784,0.03737510743482152,-0.06388385675220887,0.008775979534589801
development,shared,MP032,default_local_mlp,206,573,0.010361947385120649,0.06292276297104585,-0.4174748442258589,0.011305744175590517
development,shared,MP032,matched_population_mlp,201,573,0.011015218326714359,0.04130902792508263,-0.5068398150905553,0.01229322508887648
development,shared,MP032,matched_population_mlp,202,573,0.006287894914852617,0.03347090781333984,0.13983998049074187,0.0075876519302084215
development,shared,MP032,matched_population_mlp,203,573,0.006880595506331515,0.034732116771933295,0.05876080228669778,0.008419128713173647
development,shared,MP032,matched_population_mlp,204,573,0.007064496491537543,0.03492069724694017,0.03360384957603102,0.008773956910506472
development,shared,MP032,matched_population_mlp,205,573,0.007185014890478221,0.03497325185085268,0.017117392695339406,0.00840661687083833
development,shared,MP032,matched_population_mlp,206,573,0.007290757252292785,0.037797600009851204,0.002652241284089696,0.009034036108358687
development,control,MP033,ridge,,411,0.38372480108696405,0.4716795850882482,0.597997685539212,0.3841967290354998
development,control,MP033,zero_speed,,411,1.5236363656309284,0.7543888619565777,-0.5962099495399666,1.5236363656309284
development,control,MP033,training_mean,,411,1.0945361676216638,0.9381826115305195,-0.14667092509673552,1.0945361676216638
development,shared,MP033,optimized_attention,201,411,0.3068979457734372,0.33580958406925776,0.6784839443405619,0.30719477692592795
development,shared,MP033,optimized_attention,202,411,0.3197339786298933,0.33087039844602206,0.6650365077866223,0.32077835297951063
development,shared,MP033,optimized_attention,203,411,0.30314556170189066,0.360233421874367,0.682415061321363,0.30314556170189066
development,shared,MP033,optimized_attention,204,411,0.3331529763209925,0.364338107602956,0.6509783387178387,0.3332150524866585
development,shared,MP033,optimized_attention,205,411,0.28558594412214594,0.31665810948594564,0.7008110755693551,0.2857008860304287
development,shared,MP033,optimized_attention,206,411,0.2902300198517061,0.32719036954736924,0.6959457940276721,0.2902646974220029
development,shared,MP033,optimized_population_mlp,201,411,0.2958294066921761,0.3192495062707238,0.6900796981614317,0.29593699374826554
development,shared,MP033,optimized_population_mlp,202,411,0.2929326644605716,0.32651048909559477,0.6931144175181234,0.29295866673209947
development,shared,MP033,optimized_population_mlp,203,411,0.2955462355650548,0.3174121909861537,0.6903763572467155,0.2962884213239188
development,shared,MP033,optimized_population_mlp,204,411,0.26442780534487337,0.29928942076221665,0.7229770151543194,0.26526931561019135
development,shared,MP033,optimized_population_mlp,205,411,0.2914374185300042,0.3206559383189497,0.694680884744306,0.29159169901712984
development,shared,MP033,optimized_population_mlp,206,411,0.3232066812941195,0.3419935965558948,0.6613983939495739,0.3232264884023791
development,shared,MP033,optimized_local_mlp,201,411,0.2920029640736431,0.3251374359529829,0.6940884012331234,0.29215784621822444
development,shared,MP033,optimized_local_mlp,202,411,0.2591382174656156,0.2851114401094204,0.7285185557687961,0.26415340456234065
development,shared,MP033,optimized_local_mlp,203,411,0.47380147959919944,0.553852875881256,0.5036304902516382,0.47380147959919944
development,shared,MP033,optimized_local_mlp,204,411,0.3084630503007671,0.39465333720342677,0.6768442910250153,0.3084630503007671
development,shared,MP033,optimized_local_mlp,205,411,0.3013269336909245,0.3396143833519322,0.6843203139072804,0.30136645878096313
development,shared,MP033,optimized_local_mlp,206,411,0.7536326294526564,0.7358700806365721,0.2104704714552016,0.7536326294526564
development,shared,MP033,default_attention,201,411,0.3021250676813998,0.3261298180813449,0.6834841633365798,0.3025084159169215
development,shared,MP033,default_attention,202,411,0.31412904480795484,0.356553411760838,0.6709084148471933,0.3141718620876024
development,shared,MP033,default_attention,203,411,0.3397650154969947,0.35485006847241074,0.644051356035122,0.3400441403749707
development,shared,MP033,default_attention,204,411,0.31042488579393684,0.32774974445325733,0.6747890097228646,0.3106379113442992
development,shared,MP033,default_attention,205,411,0.34099220752780307,0.34813447871309655,0.6427657106057014,0.34156654503179446
development,shared,MP033,default_attention,206,411,0.3547719242215357,0.45831343374201217,0.6283296408291246,0.3547719242215357
development,shared,MP033,default_local_mlp,201,411,0.5279200972198921,0.6371369627380691,0.446934103994326,0.5279200972198921
development,shared,MP033,default_local_mlp,202,411,0.5052689664474375,0.6201572546930472,0.4706641495110271,0.5052689664474375
development,shared,MP033,default_local_mlp,203,411,0.3613227509363619,0.4491220222162754,0.6214667862689502,0.3613227509363619
development,shared,MP033,default_local_mlp,204,411,0.2980353427793223,0.37194745835603665,0.6877686893080206,0.2980353427793223
development,shared,MP033,default_local_mlp,205,411,0.36349144777507036,0.3595379565572733,0.6191947904374193,0.3637930621908616
development,shared,MP033,default_local_mlp,206,411,0.3705664284644608,0.47851398066277806,0.611782815491198,0.3705664284644608
development,shared,MP033,matched_population_mlp,201,411,0.297757915268296,0.34282727805387403,0.688059331198281,0.29778698331456016
development,shared,MP033,matched_population_mlp,202,411,0.3142435683499925,0.32809758916449244,0.6707884363396042,0.31433678256383474
development,shared,MP033,matched_population_mlp,203,411,0.26830654338548154,0.3058836557968409,0.7189135257340508,0.2688992126376172
development,shared,MP033,matched_population_mlp,204,411,0.30831840311029896,0.35371707715204775,0.6769958280254482,0.30832069379724647
development,shared,MP033,matched_population_mlp,205,411,0.2975543039373906,0.3187651385186221,0.6882726409088926,0.29764748730719687
development,shared,MP033,matched_population_mlp,206,411,0.32790845766361065,0.3673677789918443,0.656472663381056,0.32790845766361065
development,control,MP034,ridge,,412,0.40692507732963246,0.5839076025287214,0.42305119424623694,0.4069421121268312
development,control,MP034,zero_speed,,412,0.8739985439639922,0.4107227745180688,-0.23917753970734035,0.8739985439639922
development,control,MP034,training_mean,,412,1.2880752234645898,1.1046716925297935,-0.8262660703432392,1.2880752234645898
development,shared,MP034,optimized_attention,201,412,0.10651785782087747,0.2262850572046931,0.8489762507032171,0.10653082124193891
development,shared,MP034,optimized_attention,202,412,0.07753118460015164,0.15440515000982788,0.890074299039828,0.07771903551263462
development,shared,MP034,optimized_attention,203,412,0.11291698364779676,0.27308185876919855,0.8399034060706451,0.11291698364779676
development,shared,MP034,optimized_attention,204,412,0.08380461061596536,0.18720467214425543,0.8811796748216298,0.08380571609719355
development,shared,MP034,optimized_attention,205,412,0.07825423643163062,0.19438906946979936,0.8890491376184494,0.07825481026988855
development,shared,MP034,optimized_attention,206,412,0.10288348692925078,0.22955813932022479,0.8541291549168144,0.10288348692925078
development,shared,MP034,optimized_population_mlp,201,412,0.0931131521580351,0.17974673494983037,0.8679817860081666,0.09311697785537608
development,shared,MP034,optimized_population_mlp,202,412,0.09021716753819162,0.19494863117572567,0.8720877872378389,0.09021798768675736
development,shared,MP034,optimized_population_mlp,203,412,0.07331415035790277,0.14108579336496144,0.8960533182879274,0.07351646207763497
development,shared,MP034,optimized_population_mlp,204,412,0.08243167407089395,0.15680608007003036,0.883126259449082,0.08252995525575786
development,shared,MP034,optimized_population_mlp,205,412,0.0647968792700164,0.1501138230431398,0.9081293235680259,0.06480042892948966
development,shared,MP034,optimized_population_mlp,206,412,0.09607285045736566,0.2174737015621218,0.8637854498904813,0.09607285045736566
development,shared,MP034,optimized_local_mlp,201,412,0.14651930987331652,0.21172488027587466,0.7922611665862066,0.14653747279179158
development,shared,MP034,optimized_local_mlp,202,412,0.12234586920247338,0.16508695575329757,0.8265348904312098,0.12337929462360485
development,shared,MP034,optimized_local_mlp,203,412,0.15465379224645973,0.280254664804319,0.7807278889582754,0.15465379224645973
development,shared,MP034,optimized_local_mlp,204,412,0.15340592807040776,0.32254918849783953,0.7824971427748273,0.15340592807040776
development,shared,MP034,optimized_local_mlp,205,412,0.16688403076962258,0.2598784518032324,0.7633875432702496,0.16688403076962258
development,shared,MP034,optimized_local_mlp,206,412,0.344633537643237,0.447126842858931,0.5113697359946884,0.344633537643237
development,shared,MP034,default_attention,201,412,0.08975920558037401,0.18224280912404967,0.8727370974410277,0.0897780563185173
development,shared,MP034,default_attention,202,412,0.12891014317722793,0.2257631076332974,0.8172278945212299,0.1289117503146848
development,shared,MP034,default_attention,203,412,0.09787386975539264,0.18517626653927566,0.8612319185624171,0.09791761911667436
development,shared,MP034,default_attention,204,412,0.09699726219033684,0.19525804032139887,0.8624747952391081,0.09701568936531835
development,shared,MP034,default_attention,205,412,0.09153712433144608,0.1622461342837632,0.8702163186605956,0.09178250156190282
development,shared,MP034,default_attention,206,412,0.2610324254800336,0.44736254044248064,0.6299015358502542,0.2610324254800336
development,shared,MP034,default_local_mlp,201,412,0.6045415477042723,0.7419794977079821,0.14286549684925876,0.6045415477042723
development,shared,MP034,default_local_mlp,202,412,0.4823369047135375,0.6685365289243058,0.31613037227485374,0.4823369047135375
development,shared,MP034,default_local_mlp,203,412,0.14697462844041045,0.2754601251867171,0.7916156042501465,0.14697462844041045
development,shared,MP034,default_local_mlp,204,412,0.1221944254455051,0.26227169548669793,0.8267496112719481,0.1221944254455051
development,shared,MP034,default_local_mlp,205,412,0.1961433055807156,0.307771895658912,0.721902993410948,0.1961728863527857
development,shared,MP034,default_local_mlp,206,412,0.1970272180150923,0.3860058977942797,0.7206497597032809,0.1970272180150923
development,shared,MP034,matched_population_mlp,201,412,0.08470859688721133,0.19300722110105878,0.8798979799134768,0.08470868381214655
development,shared,MP034,matched_population_mlp,202,412,0.07488166545438284,0.1596154309989166,0.8938308552024623,0.07488184852151666
development,shared,MP034,matched_population_mlp,203,412,0.07422073303118752,0.1417795418916358,0.8947679421344077,0.07425331421956978
development,shared,MP034,matched_population_mlp,204,412,0.07718850822356567,0.18583083613701987,0.8905601543907165,0.07718850822356567
development,shared,MP034,matched_population_mlp,205,412,0.07311934924171568,0.1659520472126538,0.8963295123039885,0.07312416612481831
development,shared,MP034,matched_population_mlp,206,412,0.1041377831943219,0.24186162400049577,0.8523507815195711,0.1041377831943219
separate,control,TX103,ridge,,4990,2.5165140082181146,1.2465126699535312,0.16669792449340293,2.5295658497345785
separate,control,TX103,zero_speed,,4990,7.544537161282089,2.12711237965433,-1.4982489486258048,7.544537161282089
separate,control,TX103,training_mean,,4990,5.7826765970467635,1.9695945016474314,-0.9148379045640664,5.7826765970467635
separate,independent,TX103,optimized_attention,401,4990,1.6310896537326818,0.9024638478219398,0.45989158440838884,1.6314454029678838
separate,independent,TX103,optimized_attention,402,4990,1.5554091234320255,0.8779759650767509,0.4849519428125256,1.555613446984042
separate,independent,TX103,optimized_attention,403,4990,1.6091343752328795,0.8558358282585989,0.46716171248336236,1.6098474280557387
separate,independent,TX103,optimized_population_mlp,401,4990,1.9816562138650997,0.9883684405506558,0.34380725457451633,1.9894453122939253
separate,independent,TX103,optimized_population_mlp,402,4990,1.4714495253184248,0.7832414405993058,0.5127537778662089,1.4718807572863637
separate,independent,TX103,optimized_population_mlp,403,4990,1.6732291887474309,0.8615840937408323,0.4459377729557209,1.6733141450122144
separate,independent,TX103,default_attention,401,4990,1.6865218653102834,0.9293241000858047,0.44153612252473196,1.686737936742691
separate,independent,TX103,default_attention,402,4990,1.7552221774172598,0.9235377429784345,0.41878714815791307,1.7559567059779635
separate,independent,TX103,default_attention,403,4990,1.5611376451080272,0.8771573226631795,0.48305503741616873,1.5615636415746552
separate,shared,TX103,optimized_attention,401,4990,1.534468714352296,0.8814989774709576,0.491886013630773,1.5352123659195152
separate,shared,TX103,optimized_attention,402,4990,1.9743939554146495,1.0206219629857036,0.346212031587425,1.9761553113356054
separate,shared,TX103,optimized_attention,403,4990,2.0767536047186854,1.0549545083001004,0.31231732329864537,2.0767544432377285
separate,shared,TX103,optimized_population_mlp,401,4990,2.028783090886965,1.0728235684387932,0.32820196713871497,2.0315628783028603
separate,shared,TX103,optimized_population_mlp,402,4990,1.673174470543035,0.9118056730688884,0.4459558919859119,1.6752290221504158
separate,shared,TX103,optimized_population_mlp,403,4990,1.6868817434145975,0.932525599605022,0.4414169548307414,1.6868817507798812
separate,shared,TX103,default_attention,401,4990,2.0564076207022404,1.0764286933677898,0.3190545600689396,2.069718849313721
separate,shared,TX103,default_attention,402,4990,2.109186814015132,1.06893663219619,0.3015776013921475,2.1093208656975886
separate,shared,TX103,default_attention,403,4990,1.980137529589383,1.030748552311564,0.344310141804574,1.980194908224303
separate,control,TX104,ridge,,4912,0.5282307525147777,0.5996448210281143,-32.93042534063059,0.5376557061269124
separate,control,TX104,zero_speed,,4912,0.016377837276655444,0.028456660916371064,-0.05201558658023764,0.016377837276655444
separate,control,TX104,training_mean,,4912,0.8154229749706948,0.8975514567178365,-51.37795838572277,0.8154229749706948
separate,independent,TX104,optimized_attention,401,4912,0.36600505110218684,0.39671101336630227,-22.510003917026797,0.3660518556706914
separate,independent,TX104,optimized_attention,402,4912,0.2664849518849706,0.3092306925929195,-16.117420220780456,0.2667210103645639
separate,independent,TX104,optimized_attention,403,4912,0.3505160341362797,0.37103765147472356,-21.51508090041055,0.35052572252299213
separate,independent,TX104,optimized_population_mlp,401,4912,0.29006558784955727,0.3187724129903871,-17.632101076205682,0.29029889897302674
separate,independent,TX104,optimized_population_mlp,402,4912,0.4323447292725628,0.3897425694929997,-26.77127323269094,0.43263649969072693
separate,independent,TX104,optimized_population_mlp,403,4912,0.4425107646486718,0.4107877842898461,-27.424279334090965,0.4425626804264442
separate,independent,TX104,default_attention,401,4912,0.3373106903247024,0.4142127878479478,-20.666847566468967,0.3374289265223053
separate,independent,TX104,default_attention,402,4912,0.42292124593472663,0.47403643060487655,-26.165964290867866,0.4229958876952373
separate,independent,TX104,default_attention,403,4912,0.34347862396745343,0.38887673277399365,-21.063039213727276,0.3435471264713879
separate,shared,TX104,optimized_attention,401,4912,0.5398842923756396,0.623151467161066,-33.67897994923789,0.5398842923756396
separate,shared,TX104,optimized_attention,402,4912,0.3812846526072379,0.4393056186046698,-23.49147532063883,0.38155240167707855
separate,shared,TX104,optimized_attention,403,4912,0.5594976860463218,0.6414892783182101,-34.93882857874543,0.5594976860463218
separate,shared,TX104,optimized_population_mlp,401,4912,0.41743498295130577,0.5269182981547731,-25.81355914279232,0.41743498295130577
separate,shared,TX104,optimized_population_mlp,402,4912,0.48982971205003645,0.517435581832596,-30.46376918650033,0.48982971205003645
separate,shared,TX104,optimized_population_mlp,403,4912,0.5587148543009198,0.6567063562572634,-34.88854408855779,0.5587148543009198
separate,shared,TX104,default_attention,401,4912,0.5145519297028545,0.5875097108793936,-32.051778510702434,0.5145519297028545
separate,shared,TX104,default_attention,402,4912,0.4850137198343948,0.5923613231798888,-30.15441827586906,0.4850137198343948
separate,shared,TX104,default_attention,403,4912,0.6044622341121421,0.6891609023784346,-37.82708571610289,0.6044622341121421
separate,control,TX56,ridge,,5797,1.1447831857473993,0.7380012401856094,0.014356248311511832,1.1450518921742103
separate,control,TX56,zero_speed,,5797,1.6806141034943647,0.7205253274810516,-0.4469873516069274,1.6806141034943647
separate,control,TX56,training_mean,,5797,1.1956724071767326,0.7434592999305578,-0.02945872360159063,1.1956724071767326
separate,independent,TX56,optimized_attention,401,5797,1.1458043096948836,0.7557993070210901,0.013477073589985733,1.1458043096948836
separate,independent,TX56,optimized_attention,402,5797,1.1588446855938628,0.7705786092806562,0.002249475923877031,1.1588446855938628
separate,independent,TX56,optimized_attention,403,5797,1.1519062361664933,0.7233678752574663,0.008223392565593124,1.1519062361664933
separate,independent,TX56,optimized_population_mlp,401,5797,1.1490894585072522,0.7569172485157116,0.010648602277172015,1.1490894713285587
separate,independent,TX56,optimized_population_mlp,402,5797,1.1652749200860268,0.7563423818588276,-0.0032868741273821556,1.165369300261478
separate,independent,TX56,optimized_population_mlp,403,5797,1.1794407211464863,0.7240402045692216,-0.015483448532681798,1.1794407211464863
separate,independent,TX56,default_attention,401,5797,1.1564482254810462,0.7415116705582442,0.004312797577947447,1.1565195990406336
separate,independent,TX56,default_attention,402,5797,1.1666516161341207,0.7418479808623573,-0.004472191901675027,1.1666516161341207
separate,independent,TX56,default_attention,403,5797,1.171491036808478,0.7434513930930718,-0.00863887150429199,1.1716982303712873
separate,shared,TX56,optimized_attention,401,5797,1.2190019318881633,0.7465253940743982,-0.049545147430982484,1.2193252474447267
separate,shared,TX56,optimized_attention,402,5797,1.1826627938550371,0.7319376770969337,-0.018257612122965172,1.183225019982895
separate,shared,TX56,optimized_attention,403,5797,1.1911718297397502,0.7109665867313746,-0.025583783713426733,1.1911727783563413
separate,shared,TX56,optimized_population_mlp,401,5797,1.2369198961285899,0.7820388829677531,-0.06497228657526,1.239576103396507
separate,shared,TX56,optimized_population_mlp,402,5797,1.1910181585707653,0.7203880421922993,-0.02545147479291643,1.1919238781580723
separate,shared,TX56,optimized_population_mlp,403,5797,1.2205463228792015,0.7287484003184274,-0.050874848416664786,1.2205463228792015
separate,shared,TX56,default_attention,401,5797,1.2011084557876361,0.736125789997928,-0.03413909226346412,1.2130832120812929
separate,shared,TX56,default_attention,402,5797,1.2281731165075933,0.7101326893254607,-0.05744142065395197,1.2289512158240832
separate,shared,TX56,default_attention,403,5797,1.1848542994008577,0.7272193010408908,-0.020144470503592693,1.1848553539505278
separate,control,TX57,ridge,,4572,0.9343050393529131,0.6873257064390317,0.08989285217550846,0.9343323768153816
separate,control,TX57,zero_speed,,4572,1.3895858039762679,0.6024930248394257,-0.3535964374013638,1.3895858039762679
separate,control,TX57,training_mean,,4572,1.0267760852923777,0.7455616189053006,-0.00018325394782015003,1.0267760852923777
separate,independent,TX57,optimized_attention,401,4572,0.895260878756662,0.6619379184494413,0.12792579446175156,0.895260878756662
separate,independent,TX57,optimized_attention,402,4572,0.9041488140575665,0.6214070711182167,0.11926805089188164,0.9041529991060852
separate,independent,TX57,optimized_attention,403,4572,0.9008060913831218,0.6099031860341922,0.12252419922788349,0.9008104045985057
separate,independent,TX57,optimized_population_mlp,401,4572,0.886312829050609,0.6546343224470123,0.13664209551286,0.886312829050609
separate,independent,TX57,optimized_population_mlp,402,4572,0.9043117605646283,0.6204087918394381,0.11910932459314238,0.9043117605646283
separate,independent,TX57,optimized_population_mlp,403,4572,0.8987563422570907,0.610281328464195,0.12452086118760053,0.8987592150340092
separate,independent,TX57,default_attention,401,4572,0.8939278543541049,0.6409028138027898,0.12922429440116312,0.8939278543541049
separate,independent,TX57,default_attention,402,4572,0.9124470747589093,0.6277558641100685,0.11118470973380146,0.912447676017276
separate,independent,TX57,default_attention,403,4572,0.9345808284830562,0.6243051452985007,0.08962420580407349,0.9345808284830562
separate,shared,TX57,optimized_attention,401,4572,0.9455004273781997,0.6548398403702014,0.07898741740279347,0.945545992074779
separate,shared,TX57,optimized_attention,402,4572,0.919290866195146,0.610822290439835,0.10451816803490088,0.9199081990890606
separate,shared,TX57,optimized_attention,403,4572,0.9285253457448318,0.6449637177181746,0.09552285548641148,0.9285253457448318
separate,shared,TX57,optimized_population_mlp,401,4572,0.9352510236765987,0.6312901939021004,0.08897136822920282,0.9363096741775024
separate,shared,TX57,optimized_population_mlp,402,4572,0.9044186711913534,0.6023616597199539,0.11900518288196382,0.905239919842512
separate,shared,TX57,optimized_population_mlp,403,4572,0.9366511373212804,0.6412247397192262,0.08760751661530819,0.9366511373212804
separate,shared,TX57,default_attention,401,4572,0.9305608550393143,0.602292682462459,0.0935400645558877,0.9365811916844521
separate,shared,TX57,default_attention,402,4572,0.9399539722720681,0.6220499190010312,0.08439022293691978,0.9401628165625694
separate,shared,TX57,default_attention,403,4572,0.9673353902841998,0.6605551416186863,0.05771796580377775,0.9673375401056411
separate,control,TX60,ridge,,4510,0.616248622720272,0.5721547603274774,0.05200362137310355,0.6163695414386442
separate,control,TX60,zero_speed,,4510,0.8081766573696887,0.39764668283034116,-0.24324585277819866,0.8081766573696887
separate,control,TX60,training_mean,,4510,0.675120502962866,0.6406285229402829,-0.0385610098735758,0.675120502962866
separate,independent,TX60,optimized_attention,401,4510,0.5960014941344106,0.5019807805258197,0.0831504732593793,0.5963321852644556
separate,independent,TX60,optimized_attention,402,4510,0.6922153899191396,0.523961493380099,-0.0648586604160577,0.6922155218811085
separate,independent,TX60,optimized_attention,403,4510,0.6534209408704924,0.564645440865569,-0.005179829741190689,0.6535495316543674
separate,independent,TX60,optimized_population_mlp,401,4510,0.5915218028160307,0.48404730624795606,0.09004173595858722,0.5915218028160307
separate,independent,TX60,optimized_population_mlp,402,4510,0.6586805326743937,0.5779604747264322,-0.01327084008883972,0.6586979996781108
separate,independent,TX60,optimized_population_mlp,403,4510,0.6548163768207861,0.5238273062240502,-0.0073264766929432845,0.6549205351786165
separate,independent,TX60,default_attention,401,4510,0.5968896780619062,0.49029726844640525,0.08178414948066859,0.597333731717886
separate,independent,TX60,default_attention,402,4510,0.6527715488889981,0.5020470715789874,-0.004180847797752962,0.652771551965325
separate,independent,TX60,default_attention,403,4510,0.6423385554748471,0.5405051419844052,0.01186858356842957,0.6423385554748471
separate,shared,TX60,optimized_attention,401,4510,0.6728408194223022,0.5722877649354432,-0.035054094545586834,0.6729588559059141
separate,shared,TX60,optimized_attention,402,4510,0.6766869123513835,0.539492842551945,-0.04097067112556663,0.6776605269269012
separate,shared,TX60,optimized_attention,403,4510,0.6464212821720299,0.5513600419006051,0.0055879851522128154,0.6464706374540167
separate,shared,TX60,optimized_population_mlp,401,4510,0.6634937266067802,0.5033051584994863,-0.020675141290178667,0.6658504232477148
separate,shared,TX60,optimized_population_mlp,402,4510,0.6426740358629592,0.49426678967859017,0.01135250258860232,0.644687621639671
separate,shared,TX60,optimized_population_mlp,403,4510,0.6381897543232559,0.5396015505893954,0.018250826582604796,0.6381897543232559
separate,shared,TX60,default_attention,401,4510,0.6212874182491088,0.45889287671977447,0.04425226950331285,0.6368842109615254
separate,shared,TX60,default_attention,402,4510,0.6381946464556157,0.5242586435791364,0.01824330084771475,0.6384834080954013
separate,shared,TX60,default_attention,403,4510,0.6713015443445758,0.5871912125988037,-0.03268617493393089,0.6713217461520533
separate,control,TX61,ridge,,4832,0.2960371802675769,0.448751786019597,-3.0546128537513866,0.2963465757519983
separate,control,TX61,zero_speed,,4832,0.08077857648967898,0.08812568217235262,-0.10636729564426206,0.08077857648967898
separate,control,TX61,training_mean,,4832,0.2741157048499087,0.5065914044676929,-2.754369837244695,0.2741157048499087
separate,independent,TX61,optimized_attention,401,4832,0.2925090763976896,0.35239137479719984,-3.0062908987615256,0.2925090763976896
separate,independent,TX61,optimized_attention,402,4832,0.2555707572407345,0.3088823893885686,-2.500372745121537,0.2556226165453537
separate,independent,TX61,optimized_attention,403,4832,0.41920223794205147,0.421778726619062,-4.741517942931667,0.41920570943796037
separate,independent,TX61,optimized_population_mlp,401,4832,0.2960374253966571,0.31703645628271004,-3.0546162111118322,0.29666899392898766
separate,independent,TX61,optimized_population_mlp,402,4832,0.23125842608000688,0.28641432669212735,-2.167383860617751,0.2313732592147956
separate,independent,TX61,optimized_population_mlp,403,4832,0.4110532916516111,0.4091297221023701,-4.629907562290002,0.4111293248307337
separate,independent,TX61,default_attention,401,4832,0.2033315811214927,0.24236752684092233,-1.7848895251725643,0.20354952152299707
separate,independent,TX61,default_attention,402,4832,0.2738184133553804,0.3563048355599102,-2.750298044931527,0.27382668118132814
separate,independent,TX61,default_attention,403,4832,0.3734969670205712,0.4252221428122494,-4.115525022735217,0.3734977618258141
separate,shared,TX61,optimized_attention,401,4832,0.31562589822908566,0.39932691333414644,-3.3229057335965972,0.3156829134031099
separate,shared,TX61,optimized_attention,402,4832,0.2413638052788917,0.3157110085805491,-2.3057901255159505,0.24167020269657885
separate,shared,TX61,optimized_attention,403,4832,0.20770158171967035,0.3326862878340512,-1.8447423469710191,0.2077024185526978
separate,shared,TX61,optimized_population_mlp,401,4832,0.28994405918997335,0.2996786363504415,-2.9711596637892854,0.2912771199071167
separate,shared,TX61,optimized_population_mlp,402,4832,0.19913405556572558,0.2557344546957805,-1.7273989726109567,0.20037001281633815
separate,shared,TX61,optimized_population_mlp,403,4832,0.23708411343763786,0.3374962947161749,-2.2471741991854857,0.23708411343763786
separate,shared,TX61,default_attention,401,4832,0.2993451877248047,0.35137523511001745,-3.0999203031206113,0.30472590900917945
separate,shared,TX61,default_attention,402,4832,0.21115857014156403,0.31162058486193656,-1.8920902837335927,0.21138260165103712
separate,shared,TX61,default_attention,403,4832,0.32089684849952377,0.4164046294181437,-3.3950982288050904,0.3208996951627509
separate,control,VR2,ridge,,4798,1.71446393347002,0.8963368561003539,0.03687746934330405,1.7149731173709968
separate,control,VR2,zero_speed,,4798,2.4138957047756113,0.7961066660567462,-0.35603747301895017,2.4138957047756113
separate,control,VR2,training_mean,,4798,1.8979281274345994,0.8565167027214853,-0.0661859403479248,1.8979281274345994
separate,independent,VR2,optimized_attention,401,4798,1.8718898419229681,0.944107562435471,-0.05155859302008303,1.8797596340133274
separate,independent,VR2,optimized_attention,402,4798,1.828301548413948,0.9207257179043136,-0.02707229923935217,1.8283236025460197
separate,independent,VR2,optimized_attention,403,4798,1.7684890123893187,0.8995160725833674,0.006528174900947481,1.7688435239944
separate,independent,VR2,optimized_population_mlp,401,4798,1.7733278481626173,0.8844272122470648,0.003809895639173111,1.7794292450538802
separate,independent,VR2,optimized_population_mlp,402,4798,1.8189769985407076,0.8808230691383405,-0.02183411143275693,1.8195129742751786
separate,independent,VR2,optimized_population_mlp,403,4798,1.8003984634343693,0.8963781758457794,-0.011397376428775141,1.8011019318521126
separate,independent,VR2,default_attention,401,4798,1.8014707137458639,0.8794765630057302,-0.011999727060563625,1.8029689410020284
separate,independent,VR2,default_attention,402,4798,1.7476819267354675,0.8617668750031144,0.01821682731253116,1.7491114077157264
separate,independent,VR2,default_attention,403,4798,1.768796414797383,0.872670764223374,0.006355487579035923,1.7692775868973076
separate,shared,VR2,optimized_attention,401,4798,2.0222727581310433,0.9675470588293625,-0.1360381624051965,2.0227902478599
separate,shared,VR2,optimized_attention,402,4798,1.7845277776439286,0.902723805063104,-0.002481811182203142,1.7866164743510085
separate,shared,VR2,optimized_attention,403,4798,1.9821970193632337,0.9850451717844688,-0.11352509217579332,1.9822009450499296
separate,shared,VR2,optimized_population_mlp,401,4798,1.8945391414758854,0.9798789950656893,-0.06428213317578435,1.9033401462119757
separate,shared,VR2,optimized_population_mlp,402,4798,1.9050130053312089,0.8805638171400749,-0.07016596313870216,1.912785098838945
separate,shared,VR2,optimized_population_mlp,403,4798,2.059642430376093,0.9677395493619942,-0.15703106438454473,2.059649920104833
separate,shared,VR2,default_attention,401,4798,1.824284069066151,0.9992853207559441,-0.024815427688557934,1.8320618768164005
separate,shared,VR2,default_attention,402,4798,1.8539056035823291,0.9133575794989058,-0.041455711994459854,1.85695676447643
separate,shared,VR2,default_attention,403,4798,1.9478104648672985,1.0136049907853204,-0.09420799559525528,1.9479168875626527
