cohort,regime,mouse,role,mse,mae,r2,mse_over_zero,mse_over_training_mean
development,shared,MP030,optimized_attention,0.060412642585640115,0.0826114415748749,0.5058347520057481,0.47062971341673077,0.25653495443223057
development,shared,MP030,optimized_population_mlp,0.05088917305770175,0.07218645646141036,0.5837351298011403,0.3964394852982878,0.21609469694931885
development,shared,MP030,optimized_local_mlp,0.0445530033493339,0.06482079380060833,0.6355639315429386,0.34707912616846326,0.18918892130630155
development,shared,MP030,default_attention,0.05836250407158882,0.10275636077201468,0.522604539981544,0.45465861763218873,0.24782929005848042
development,shared,MP030,default_local_mlp,0.04931368744045211,0.08200346424739978,0.5966223369723195,0.3841660552213419,0.20940458849301635
development,shared,MP030,matched_population_mlp,0.061125641233849844,0.08701962969537146,0.5000025430717877,0.47618415260547803,0.25956261665490915
development,shared,MP030,ridge,0.06574277605692626,0.12541292917875566,0.4622351573522496,0.5121527966771308,0.2791687192975192
development,shared,MP030,zero_speed,0.1283655512250801,0.07818981370129341,-0.050008603168412824,1.0,0.5450887334966786
development,shared,MP030,training_mean,0.23549477972445063,0.42382744383077525,-0.9263076608330058,1.8345636931167526,1.0000000000000002
development,shared,MP032,optimized_attention,0.007512388552422114,0.03573828805034295,-0.027666074467784445,0.8579289993971323,0.0691097290300309
development,shared,MP032,optimized_population_mlp,0.007103678175148859,0.034574181801375746,0.028243944839088597,0.8112535003104651,0.0653498245431937
development,shared,MP032,optimized_local_mlp,0.008704856112742633,0.04159068503305952,-0.19079108432229433,0.9941110530409729,0.08007975665783278
development,shared,MP032,default_attention,0.009708070199352367,0.04654697928464311,-0.32802694147249595,1.1086800015851344,0.08930875928474762
development,shared,MP032,default_local_mlp,0.009463766839700532,0.05072052106845504,-0.294607174531428,1.080780095259352,0.08706130644483547
development,shared,MP032,matched_population_mlp,0.007620662897034507,0.03620060026966663,-0.042477591459609255,0.870294134598205,0.07010579180884631
development,shared,MP032,ridge,0.015752052842758966,0.06603485904163937,-1.1548206934142125,1.798914265354629,0.14490998382649037
development,shared,MP032,zero_speed,0.008756422218739637,0.038029944737017395,-0.19784513076248356,1.0,0.08055413569024289
development,shared,MP032,training_mean,0.10870232972781134,0.32158006755877416,-13.870063721726114,12.414011911757436,1.0
development,shared,MP033,optimized_attention,0.3064577377333443,0.339183331837653,0.6789451202939022,0.20113574645905882,0.2799886808667561
development,shared,MP033,optimized_population_mlp,0.29389670198113327,0.3208518569982555,0.6921044611290782,0.19289162992603714,0.26851255415318653
development,shared,MP033,optimized_local_mlp,0.39806087909713433,0.43903992552259846,0.5829787539401757,0.26125713987687593,0.36367996862277063
development,shared,MP033,default_attention,0.32703469092160414,0.3619551592038266,0.657388049229431,0.21464090664847127,0.2987883823265734
development,shared,MP033,default_local_mlp,0.40443417227042416,0.48606927253724663,0.5763018891684902,0.2654400888514829,0.3695027941828784
development,shared,MP033,matched_population_mlp,0.3023481986191784,0.3361097529462869,0.6832504042645554,0.19843855491987936,0.2762340866964277
development,shared,MP033,ridge,0.38372480108696405,0.4716795850882482,0.597997685539212,0.2518480194767903,0.35058211180062343
development,shared,MP033,zero_speed,1.5236363656309282,0.7543888619565777,-0.5962099495399666,0.9999999999999999,1.3920383909667082
development,shared,MP033,training_mean,1.0945361676216638,0.9381826115305195,-0.14667092509673552,0.7183709921287047,1.0
development,shared,MP034,optimized_attention,0.09365139334094542,0.21082065781966652,0.8672186538617638,0.10715280247057683,0.07270646281747999
development,shared,MP034,optimized_population_mlp,0.08332431230873426,0.17336246069430158,0.881860654073587,0.09533690059804852,0.06468901100714707
development,shared,MP034,optimized_local_mlp,0.18140707796758615,0.28110349733224904,0.7427963946692429,0.20755993155871885,0.14083577935739494
development,shared,MP034,default_attention,0.12768500508580186,0.23300814972404427,0.8189649267124387,0.14609292654732653,0.09912853128434701
development,shared,MP034,default_local_mlp,0.2915363383165889,0.4403376067931491,0.586652306293406,0.33356616018412943,0.22633487004930616
development,shared,MP034,matched_population_mlp,0.08137610600539748,0.18134111689029675,0.8846228709107705,0.09310782788758294,0.0631765168081696
development,shared,MP034,ridge,0.4069250773296325,0.5839076025287214,0.42305119424623694,0.4655901089766545,0.31591716843610196
development,shared,MP034,zero_speed,0.8739985439639922,0.4107227745180689,-0.23917753970734035,1.0,0.6785306696709543
development,shared,MP034,training_mean,1.2880752234645898,1.1046716925297935,-0.8262660703432392,1.473772733788052,1.0
separate,independent,TX103,optimized_attention,1.5985443841325289,0.8787585470524298,0.47066841323475894,0.21188104054097845,0.27643676026235187
separate,independent,TX103,optimized_population_mlp,1.7087783093103184,0.8777313249635981,0.43416626846548206,0.22649213235765087,0.29549954603772904
separate,independent,TX103,default_attention,1.6676272292785235,0.9100063885758063,0.44779276936627127,0.2210377116089562,0.28838327741347103
separate,independent,TX103,ridge,2.5165140082181146,1.2465126699535312,0.16669792449340293,0.3335544585998789,0.43518152294792145
separate,independent,TX103,zero_speed,7.544537161282089,2.12711237965433,-1.4982489486258048,1.0,1.3046790763182425
separate,independent,TX103,training_mean,5.7826765970467635,1.9695945016474312,-0.9148379045640663,0.7664720145753883,1.0
separate,shared,TX103,optimized_attention,1.8618720914952103,0.9856918162522539,0.3834717895056145,0.2467841368785585,0.3219740997527124
separate,shared,TX103,optimized_population_mlp,1.7962797682815321,0.9723849470375678,0.4051916046517894,0.23809012135295513,0.31063119960727176
separate,shared,TX103,default_attention,2.048577321435585,1.0587046259585147,0.32164743442188704,0.2715312122721996,0.354261091218866
separate,shared,TX103,ridge,2.5165140082181146,1.2465126699535312,0.16669792449340293,0.3335544585998789,0.43518152294792145
separate,shared,TX103,zero_speed,7.544537161282089,2.12711237965433,-1.4982489486258048,1.0,1.3046790763182425
separate,shared,TX103,training_mean,5.7826765970467635,1.9695945016474312,-0.9148379045640663,0.7664720145753883,1.0
separate,independent,TX104,optimized_attention,0.32766867904114566,0.35899311914464843,-20.047501679405936,20.00683444988163,0.4018389094971498
separate,independent,TX104,optimized_population_mlp,0.38830702725693067,0.3731009222577442,-23.942551214329196,23.70929816297624,0.47620319659362786
separate,independent,TX104,default_attention,0.3679035200756275,0.42570865040893935,-22.63195035702137,22.46349831549663,0.45118120456300537
separate,independent,TX104,ridge,0.5282307525147777,0.5996448210281143,-32.93042534063059,32.25277816550934,0.6477996925874716
separate,independent,TX104,zero_speed,0.016377837276655444,0.028456660916371068,-0.05201558658023764,1.0,0.020085081950559514
separate,independent,TX104,training_mean,0.8154229749706948,0.8975514567178365,-51.37795838572277,49.78819615780272,1.0
separate,shared,TX104,optimized_attention,0.4935555436763998,0.5679821213613153,-30.703094616207384,30.135575005370303,0.6052754936100955
separate,shared,TX104,optimized_population_mlp,0.48865984976742066,0.5670200787482108,-30.38862413928348,29.836653125375967,0.599271623153594
separate,shared,TX104,default_attention,0.5346759612164638,0.623010645479239,-33.34442750089146,32.64631051003159,0.6557038219773969
separate,shared,TX104,ridge,0.5282307525147777,0.5996448210281143,-32.93042534063059,32.25277816550934,0.6477996925874716
separate,shared,TX104,zero_speed,0.016377837276655444,0.028456660916371068,-0.05201558658023764,1.0,0.020085081950559514
separate,shared,TX104,training_mean,0.8154229749706948,0.8975514567178365,-51.37795838572277,49.78819615780272,1.0
separate,independent,TX56,optimized_attention,1.1521850771517466,0.749915263853071,0.007983314026485297,0.6855738475335305,0.9636293940012632
separate,independent,TX56,optimized_population_mlp,1.164601699913255,0.7457666116479204,-0.0027072401276306466,0.6929619937687022,0.9740140300328223
separate,independent,TX56,default_attention,1.164863626141215,0.7422703481712244,-0.002932755276006523,0.6931178452681127,0.9742330918982529
separate,independent,TX56,ridge,1.1447831857473993,0.7380012401856094,0.014356248311511832,0.6811695697228438,0.957438825949413
separate,independent,TX56,zero_speed,1.6806141034943647,0.7205253274810516,-0.4469873516069274,1.0,1.4055807371708902
separate,independent,TX56,training_mean,1.1956724071767326,0.7434592999305578,-0.02945872360159063,0.7114497044209422,1.0
separate,shared,TX56,optimized_attention,1.1976121851609836,0.7298098859675689,-0.031128847755791462,0.7126039122668825,1.0016223323149451
separate,shared,TX56,optimized_population_mlp,1.2161614591928522,0.7437251084928266,-0.04709953659494707,0.723641112295908,1.0171360080680454
separate,shared,TX56,default_attention,1.204711957232029,0.7244925934547598,-0.03724166114033626,0.7168284228527948,1.007560223018478
separate,shared,TX56,ridge,1.1447831857473993,0.7380012401856094,0.014356248311511832,0.6811695697228438,0.957438825949413
separate,shared,TX56,zero_speed,1.6806141034943647,0.7205253274810516,-0.4469873516069274,1.0,1.4055807371708902
separate,shared,TX56,training_mean,1.1956724071767326,0.7434592999305578,-0.02945872360159063,0.7114497044209422,1.0
separate,independent,TX57,optimized_attention,0.9000719280657834,0.6310827252006167,0.1232393481938389,0.6477267726039286,0.876600011393414
separate,independent,TX57,optimized_population_mlp,0.8964603106241094,0.6284414809168818,0.12675742709786764,0.6451277121994977,0.8730825770731108
separate,independent,TX57,default_attention,0.9136519191986902,0.630987941070453,0.11001106997967935,0.6574994624904027,0.8898258659175188
separate,independent,TX57,ridge,0.9343050393529131,0.6873257064390317,0.08989285217550846,0.6723622511682407,0.9099403976543403
separate,independent,TX57,zero_speed,1.3895858039762679,0.6024930248394257,-0.3535964374013638,1.0,1.3533484309586143
separate,independent,TX57,training_mean,1.0267760852923777,0.7455616189053006,-0.00018325394782015003,0.7389080129879577,1.0
separate,shared,TX57,optimized_attention,0.9311055464393925,0.636875282842737,0.09300948030803528,0.6700597716060824,0.9068243405515792
separate,shared,TX57,optimized_population_mlp,0.9254402773964109,0.6249588644470935,0.0985280225754916,0.6659828236214596,0.90130680939349
separate,shared,TX57,default_attention,0.9459500725318608,0.6282992476940589,0.07854941776552841,0.6807424700403865,0.9212817537160486
separate,shared,TX57,ridge,0.9343050393529131,0.6873257064390317,0.08989285217550846,0.6723622511682407,0.9099403976543403
separate,shared,TX57,zero_speed,1.3895858039762679,0.6024930248394257,-0.3535964374013638,1.0,1.3533484309586143
separate,shared,TX57,training_mean,1.0267760852923777,0.7455616189053006,-0.00018325394782015003,0.7389080129879577,1.0
separate,independent,TX60,optimized_attention,0.6472126083080142,0.5301959049238293,0.0043706610340436365,0.8008306134632099,0.9586623505990799
separate,independent,TX60,optimized_population_mlp,0.6350062374370702,0.5286116957328127,0.023148139725601407,0.7857270210003057,0.9405820659426748
separate,independent,TX60,default_attention,0.6306665941419172,0.5109498273365993,0.029823961750448397,0.7803573493380765,0.9341541123016465
separate,independent,TX60,ridge,0.616248622720272,0.5721547603274774,0.05200362137310355,0.7625172257831966,0.912797967201076
separate,independent,TX60,zero_speed,0.8081766573696886,0.39764668283034116,-0.24324585277819866,0.9999999999999999,1.197085044555581
separate,independent,TX60,training_mean,0.6751205029628661,0.6406285229402829,-0.0385610098735758,0.8353625371464323,1.0000000000000002
separate,shared,TX60,optimized_attention,0.6653163379819053,0.5543802164626644,-0.02347892683964688,0.8232313219083311,0.9854779036661845
separate,shared,TX60,optimized_population_mlp,0.6481191722643317,0.5123911662558239,0.0029760626270094828,0.8019523533056696,0.9600051685883706
separate,shared,TX60,default_attention,0.6435945363497667,0.5234475776325715,0.009936465139032236,0.7963537804276914,0.9533032007252884
separate,shared,TX60,ridge,0.616248622720272,0.5721547603274774,0.05200362137310355,0.7625172257831966,0.912797967201076
separate,shared,TX60,zero_speed,0.8081766573696886,0.39764668283034116,-0.24324585277819866,0.9999999999999999,1.197085044555581
separate,shared,TX60,training_mean,0.6751205029628661,0.6406285229402829,-0.0385610098735758,0.8353625371464323,1.0000000000000002
separate,independent,TX61,optimized_attention,0.32242735719349186,0.3610174969349435,-3.416060528938243,3.9914959040493634,1.1762454740418322
separate,independent,TX61,optimized_population_mlp,0.31278304770942505,0.3375268350257358,-3.283969211339862,3.8721039822902688,1.1410621214887653
separate,independent,TX61,default_attention,0.2835489871658148,0.3412981684043606,-2.8835708642797697,3.5102003462767586,1.0344135054978745
separate,independent,TX61,ridge,0.2960371802675769,0.4487517860195969,-3.0546128537513866,3.664798182045228,1.079971614284819
separate,independent,TX61,zero_speed,0.08077857648967898,0.08812568217235262,-0.10636729564426206,1.0,0.2946878820164976
separate,independent,TX61,training_mean,0.2741157048499087,0.5065914044676929,-2.754369837244695,3.3934208395580265,1.0
separate,shared,TX61,optimized_attention,0.2548970950758826,0.3492414032495823,-2.491146068694522,3.155503676255679,0.9298886950510581
separate,shared,TX61,optimized_population_mlp,0.24205407606444562,0.297636461920799,-2.315244278528576,2.99651326605604,0.8830361478083922
separate,shared,TX61,default_attention,0.2771335354552975,0.3598001497966992,-2.7957029385530983,3.4307801337735464,1.0110093312860027
separate,shared,TX61,ridge,0.2960371802675769,0.4487517860195969,-3.0546128537513866,3.664798182045228,1.079971614284819
separate,shared,TX61,zero_speed,0.08077857648967898,0.08812568217235262,-0.10636729564426206,1.0,0.2946878820164976
separate,shared,TX61,training_mean,0.2741157048499087,0.5065914044676929,-2.754369837244695,3.3934208395580265,1.0
separate,independent,VR2,optimized_attention,1.8228934675754116,0.9214497843077174,-0.02403423911949591,0.7551666229692647,0.960464962411084
separate,independent,VR2,optimized_population_mlp,1.797567770045898,0.8872094857437283,-0.009807197407452986,0.7446749942384088,0.9471210969804442
separate,independent,VR2,default_attention,1.7726496850929048,0.8713047340774063,0.004190862610334485,0.7343522263973228,0.9339919986796172
separate,independent,VR2,ridge,1.71446393347002,0.8963368561003539,0.03687746934330405,0.7102477253172756,0.9033344881122737
separate,independent,VR2,zero_speed,2.4138957047756113,0.7961066660567462,-0.35603747301895017,1.0,1.2718583332438607
separate,independent,VR2,training_mean,1.8979281274345994,0.8565167027214852,-0.0661859403479248,0.7862510893406744,1.0
separate,shared,VR2,optimized_attention,1.9296658517127352,0.9517720118923118,-0.08401502192106432,0.7993990162437906,1.0167223003966095
separate,shared,VR2,optimized_population_mlp,1.9530648590610624,0.9427274538559196,-0.09715972023301041,0.8090924786837936,1.0290510113789137
separate,shared,VR2,default_attention,1.8753333791719262,0.9754159636800569,-0.053493045092757686,0.7768908057882524,0.9880950453623267
separate,shared,VR2,ridge,1.71446393347002,0.8963368561003539,0.03687746934330405,0.7102477253172756,0.9033344881122737
separate,shared,VR2,zero_speed,2.4138957047756113,0.7961066660567462,-0.35603747301895017,1.0,1.2718583332438607
separate,shared,VR2,training_mean,1.8979281274345994,0.8565167027214852,-0.0661859403479248,0.7862510893406744,1.0
