cohort,regime,subset,mouse,comparator,relative_mse_gain,relative_mae_gain
development,shared,first,MP030,optimized_population_mlp,-0.1040106688349487,-0.14369815187690338
development,shared,first,MP032,optimized_population_mlp,-0.01954993286922857,-0.052755603977946874
development,shared,first,MP033,optimized_population_mlp,-0.05141779065287966,-0.06617842473064162
development,shared,first,MP034,optimized_population_mlp,-0.15711055845540733,-0.26753770267511845
development,shared,first,MP030,optimized_local_mlp,-0.3098108099024104,-0.31373112002019377
development,shared,first,MP032,optimized_local_mlp,0.10858621849863281,0.10863703538039571
development,shared,first,MP033,optimized_local_mlp,0.09284926722391673,0.1178491032463046
development,shared,first,MP034,optimized_local_mlp,0.2988129312326163,0.005013853005126134
development,shared,first,MP030,default_attention,0.0009424316578512393,0.21494325884622445
development,shared,first,MP032,default_attention,0.30999122467425433,0.29397878200795646
development,shared,first,MP033,default_attention,0.027448866987003218,0.01023571382450883
development,shared,first,MP034,default_attention,0.061846823116714855,-0.10214380066233142
development,shared,first,MP030,default_local_mlp,-0.07586782531012726,-0.013674877030659394
development,shared,first,MP032,default_local_mlp,0.27046665068833387,0.33208767973271125
development,shared,first,MP033,default_local_mlp,0.3332595132086019,0.3982046229225732
development,shared,first,MP034,default_local_mlp,0.7593181630164041,0.6122293513592332
development,shared,first,MP030,matched_population_mlp,-0.06053855531331376,-0.021946944858441952
development,shared,first,MP032,matched_population_mlp,0.07324804102147664,0.005173257004846388
development,shared,first,MP033,matched_population_mlp,-0.05619562424055835,-0.0512944760348486
development,shared,first,MP034,matched_population_mlp,-0.2701114658673409,-0.3223486342271622
development,shared,first,MP030,ridge,0.09165149860508603,0.3347786795239335
development,shared,first,MP032,ridge,0.525727436264841,0.4500605685203626
development,shared,first,MP033,ridge,0.19232265461126263,0.27428602180049966
development,shared,first,MP034,ridge,0.7567398008354034,0.6267833796805996
development,shared,second,MP030,optimized_population_mlp,-0.2814362518648763,-0.14515206291295146
development,shared,second,MP032,optimized_population_mlp,-0.09799183171679648,-0.014670859128029567
development,shared,second,MP033,optimized_population_mlp,-0.03400977206762157,-0.04807751128924975
development,shared,second,MP034,optimized_population_mlp,-0.08894700088337126,-0.16544495486879351
development,shared,second,MP030,optimized_local_mlp,-0.4043391632201332,-0.2367504609013058
development,shared,second,MP032,optimized_local_mlp,0.1633525793801366,0.1715070669424773
development,shared,second,MP033,optimized_local_mlp,0.33331827466279107,0.31422307091289525
development,shared,second,MP034,optimized_local_mlp,0.601544635769216,0.40639189967054856
development,shared,second,MP030,default_attention,-0.07298530378520818,0.17580986480954486
development,shared,second,MP032,default_attention,0.12050995406225429,0.1559423014795882
development,shared,second,MP033,default_attention,0.09662208149101548,0.11110150819353681
development,shared,second,MP034,default_attention,0.4106719470747404,0.2406793950994689
development,shared,second,MP030,default_local_mlp,-0.41712177790641936,-0.001107477329205686
development,shared,second,MP032,default_local_mlp,0.1304296352967932,0.25299559952367634
development,shared,second,MP033,default_local_mlp,0.11929569582973865,0.16678752871916325
development,shared,second,MP034,default_local_mlp,0.48591316799930795,0.3607528815145834
development,shared,second,MP030,matched_population_mlp,0.07331863300635755,0.11480110221883888
development,shared,second,MP032,matched_population_mlp,-0.05207749456552513,0.020496866666588898
development,shared,second,MP033,matched_population_mlp,0.026571776508393152,0.030449976620444685
development,shared,second,MP034,matched_population_mlp,-0.041253185906556356,-0.0294913426593586
development,shared,second,MP030,ridge,0.07049965444847017,0.34779030094974994
development,shared,second,MP032,ridge,0.5204427832725482,0.46753269755119575
development,shared,second,MP033,ridge,0.2103985827690058,0.28752015951135856
development,shared,second,MP034,ridge,0.7829720598564238,0.6511138187574133
development,shared,all,MP030,optimized_population_mlp,-0.18714136928772618,-0.1444174658862436
development,shared,all,MP032,optimized_population_mlp,-0.05753503568096119,-0.033669813378516045
development,shared,all,MP033,optimized_population_mlp,-0.042739628133075636,-0.057133765753760724
development,shared,all,MP034,optimized_population_mlp,-0.12393838900160548,-0.21606867470240165
development,shared,all,MP030,optimized_local_mlp,-0.3559723934198775,-0.2744589618725035
development,shared,all,MP032,optimized_local_mlp,0.13698877326357195,0.14071412812904205
development,shared,all,MP033,optimized_local_mlp,0.23012344637222482,0.22744308177914363
development,shared,all,MP034,optimized_local_mlp,0.48375005876187993,0.25002477798955314
development,shared,all,MP030,default_attention,-0.0351276653848942,0.19604547149966967
development,shared,all,MP032,default_attention,0.22617076327659114,0.23221036897374325
development,shared,all,MP033,default_attention,0.06291978728700842,0.06291339351610181
development,shared,all,MP034,default_attention,0.2665435281299202,0.09522195653094012
development,shared,all,MP030,default_local_mlp,-0.22506844896947453,-0.007414044431597322
development,shared,all,MP032,default_local_mlp,0.20619467071952569,0.2953879948885243
development,shared,all,MP033,default_local_mlp,0.24225557891672944,0.30219137270879026
development,shared,all,MP034,default_local_mlp,0.6787659683121687,0.5212294962608074
development,shared,all,MP030,matched_population_mlp,0.011664477195126532,0.05065739920898582
development,shared,all,MP032,matched_population_mlp,0.014207995560927666,0.012770844015839722
development,shared,all,MP033,matched_population_mlp,-0.01359207408191665,-0.009144569190342011
development,shared,all,MP034,matched_population_mlp,-0.15084633485330157,-0.16256401986982127
development,shared,all,MP030,ridge,0.08107557652677788,0.3412844902368417
development,shared,all,MP032,ridge,0.5230851097686946,0.4587966330357791
development,shared,all,MP033,ridge,0.20136061869013422,0.2809030906559291
development,shared,all,MP034,ridge,0.7698559303459136,0.6389485992190064
separate,independent,all,TX103,optimized_population_mlp,0.06451037245567637,-0.0011703149467456875
separate,independent,all,TX104,optimized_population_mlp,0.1561608314022669,0.03781229761568339
separate,independent,all,TX56,optimized_population_mlp,0.010661690398041879,-0.005562936366892757
separate,independent,all,TX57,optimized_population_mlp,-0.004028753307728339,-0.004202848417773852
separate,independent,all,TX60,optimized_population_mlp,-0.01922244247585625,-0.0029969242145131414
separate,independent,all,TX61,optimized_population_mlp,-0.03083386249572695,-0.06959642751787887
separate,independent,all,VR2,optimized_population_mlp,-0.01408886938870002,-0.03859325121539503
separate,independent,all,TX103,default_attention,0.04142583182446735,0.034338046321059856
separate,independent,all,TX104,default_attention,0.10936247912553543,0.15671640968583422
separate,independent,all,TX56,default_attention,0.01088414875779764,-0.010299368283647414
separate,independent,all,TX57,default_attention,0.014863418822363972,-0.00015021543835369577
separate,independent,all,TX60,default_attention,-0.02623575486602303,-0.03766725529109771
separate,independent,all,TX61,default_attention,-0.1371134152736071,-0.05777742266468877
separate,independent,all,VR2,default_attention,-0.028343887066368367,-0.05755167884334744
separate,independent,all,TX103,ridge,0.3647782691007465,0.2950263818135205
separate,independent,all,TX104,ridge,0.379686477015594,0.40132373939436217
separate,independent,all,TX56,ridge,-0.006465758316946957,-0.016143636377176085
separate,independent,all,TX57,ridge,0.036640186925288476,0.08182871775566847
separate,independent,all,TX60,ridge,-0.050245930694432284,0.07333480084939359
separate,independent,all,TX61,ridge,-0.08914480573711003,0.19550738697410353
separate,independent,all,VR2,ridge,-0.06324398664131348,-0.02801728840719675
separate,shared,all,TX103,optimized_population_mlp,-0.036515649940448425,-0.013684775001120864
separate,shared,all,TX104,optimized_population_mlp,-0.010018612970370544,-0.0016966641026687768
separate,shared,all,TX56,optimized_population_mlp,0.015252312011416302,0.018710169075045968
separate,shared,all,TX57,optimized_population_mlp,-0.006121701401326396,-0.01906752439808357
separate,shared,all,TX60,optimized_population_mlp,-0.026533956181996388,-0.08194725626061339
separate,shared,all,TX61,optimized_population_mlp,-0.053058470323043005,-0.1733824579009926
separate,shared,all,VR2,optimized_population_mlp,0.011980660672772703,-0.009594032717938017
separate,shared,all,TX103,default_attention,0.09113897141531235,0.06896428703157642
separate,shared,all,TX104,default_attention,0.07690717466801611,0.08832677983470738
separate,shared,all,TX56,default_attention,0.0058933357707829925,-0.007339333156538563
separate,shared,all,TX57,default_attention,0.015692716268562168,-0.013649602765168467
separate,shared,all,TX60,default_attention,-0.03375075518095083,-0.059094052875349634
separate,shared,all,TX61,default_attention,0.08023727746583642,0.029346142721405233
separate,shared,all,VR2,default_attention,-0.02897216737260866,0.024239865522131754
separate,shared,all,TX103,ridge,0.2601383956477322,0.2092404353266626
separate,shared,all,TX104,ridge,0.0656440555066089,0.052802423295363554
separate,shared,all,TX56,ridge,-0.04614760250788752,0.011099377307252745
separate,shared,all,TX57,ridge,0.0034244628667918775,0.07340104280061555
separate,shared,all,TX60,ridge,-0.07962324531458798,0.031065972176198442
separate,shared,all,TX61,ridge,0.13896931849745808,0.2217492740311211
separate,shared,all,VR2,ridge,-0.12552140295372283,-0.0618463420472708
