n,pool,seed,condition,is_reused,validation_mse,test_mse,raw_validation_mse,raw_test_mse,test_r2,best_epoch,epochs_run,fit_seconds
2048,101,10,none,True,0.29876237127650773,0.33541939867100956,0.29876237127650773,0.33541939867100956,0.8527183088905055,11,18,80.60706029200003
2048,101,10,real,True,0.29214013134003963,0.33459119135691046,0.2921403495965204,0.3345971248618881,0.8530819723348175,19,24,109.80385637499995
2048,101,10,shuffled,True,0.2843142389052973,0.33509619042372474,0.2843143718583782,0.33510050628180377,0.8528602287002399,15,22,98.80211941700003
2048,101,11,none,True,0.29890182112159885,0.37370790103384194,0.29892648286988305,0.3737509294483875,0.8359059378696542,20,24,152.2800944999999
2048,101,11,real,True,0.3115505487833189,0.35783460297234315,0.31217116081327184,0.35827524517332926,0.8428758572936517,10,17,102.97264199999995
2048,101,11,shuffled,True,0.2868119693754184,0.34625558898048714,0.286857636829764,0.3463252054142728,0.8479601689609495,20,24,166.067087667
2048,101,12,none,False,0.3029539539891363,0.3590747972152651,0.3053454300717147,0.3613148439086907,0.8423312915764465,10,17,81.150266208
2048,101,12,real,False,0.2955981829900007,0.33446811192971143,0.29697325639684174,0.3360268973840967,0.8531360161565239,10,17,82.80428
2048,101,12,shuffled,False,0.31063011091020787,0.33573326541464554,0.31223399946903924,0.3375203539596327,0.8525804909080963,9,16,74.65200391600001
2048,202,10,none,True,0.34916392908114696,0.3456749283170328,0.35044264497684746,0.3470412318723653,0.8482151353845171,8,15,67.99645791699999
2048,202,10,real,True,0.3296330996804067,0.32364971396456216,0.3296330996804067,0.32364971396456216,0.8578863435189718,19,24,108.85146929099997
2048,202,10,shuffled,True,0.3344108203241204,0.3096173285464026,0.33444891064754273,0.3096467705169648,0.8640479235077125,15,22,98.95255308399999
2048,202,11,none,True,0.33009198729234646,0.3749197921990256,0.33023140374837145,0.3750735468609319,0.8353737999523003,14,21,132.37628800000005
2048,202,11,real,True,0.3293428698773647,0.34071453941536217,0.330046644964672,0.3412444055406167,0.8503932278529118,8,15,69.62207524999997
2048,202,11,shuffled,True,0.3238334816987123,0.34708483449789473,0.3243238023962903,0.34762190258139647,0.8475960496445574,14,21,162.6095438330001
2048,202,12,none,False,0.35509205167849217,0.3473488819513903,0.3554202370423871,0.3477834013300313,0.8474801071688447,19,24,112.418163375
2048,202,12,real,False,0.32888763130155063,0.3567522536193387,0.32891427041523474,0.3567946539494042,0.8433511137746822,16,23,111.108157125
2048,202,12,shuffled,False,0.3377505798343369,0.35447589171648297,0.3402223617725676,0.3569382204601714,0.8443506577246094,8,15,70.68498170900003
2048,303,10,none,True,0.3599491361291927,0.4144706387596962,0.3599716523198248,0.4145072138207256,0.8180071372328874,24,24,107.049188125
2048,303,10,real,True,0.3554061697086634,0.43348904819503176,0.3554066635538502,0.43348908195289976,0.8096562084704267,22,24,108.22898329099999
2048,303,10,shuffled,True,0.3296601576712518,0.4056003307409076,0.3296717756696857,0.40562963474614994,0.8219020639152606,22,24,107.50765183300001
2048,303,11,none,True,0.3940581573996903,0.4083836590579204,0.394060275272968,0.4083837149720723,0.8206799124742086,11,18,115.038008375
2048,303,11,real,True,0.3895229231323472,0.4384782034228741,0.38961282400195485,0.4385340461653889,0.807465484791129,6,13,84.59945408299996
2048,303,11,shuffled,True,0.3970213281917225,0.5017890812367539,0.3970621019098552,0.5018151789665882,0.7796658608367595,8,15,122.12562962499999
2048,303,12,none,False,0.36241440035632544,0.3907273788168686,0.3625327448377648,0.3908117770743889,0.8284327342337987,9,16,76.11549512500001
2048,303,12,real,False,0.347576613832039,0.44098124456574495,0.3475897245870041,0.4410022193778874,0.8063664066403144,20,24,115.651257292
2048,303,12,shuffled,False,0.4224745704667079,0.48383603836705974,0.42282651773476265,0.48425743554493095,0.7875489902111679,5,12,56.72977566700001
2048,404,10,none,False,0.31644435404788523,0.3497730801102162,0.31657614366871056,0.34998015426146756,0.8464156487450591,11,18,85.167786209
2048,404,10,real,False,0.2861667304494803,0.31895465930899786,0.2862362265557056,0.3191067746322177,0.8599479284847276,24,24,115.862771041
2048,404,10,shuffled,False,0.2902319964539216,0.3359435778428729,0.29023883688877317,0.33596764625443376,0.8524881433270876,24,24,111.90735300000003
2048,404,11,none,False,0.2958595078095631,0.3336331596398948,0.29616951932001245,0.3339591531994694,0.8535026413002311,20,24,112.696671708
2048,404,11,real,False,0.29551291542800934,0.3104444850463183,0.2955283808429906,0.31046112627288336,0.8636847214728794,22,24,113.851682042
2048,404,11,shuffled,False,0.2882391417525429,0.32922966865782316,0.2882595963820416,0.3292345394964258,0.8554362014973891,20,24,111.78695508299995
2048,404,12,none,False,0.2958479309331737,0.3325139757306165,0.2967172484569852,0.33358908076352906,0.8539940717287459,10,17,80.55402412500001
2048,404,12,real,False,0.29365605885100726,0.3036994028409768,0.29366134421563767,0.3037160895730496,0.8666464676265349,20,24,116.06429941699997
2048,404,12,shuffled,False,0.3092135824651057,0.37651660969415046,0.31530157083712695,0.3827405364201679,0.8346726419930199,8,15,70.681035125
2048,505,10,none,False,0.29467105417010786,0.37079666508436154,0.2948529166595112,0.3710859259169586,0.8371842531834288,22,24,113.00286916599998
2048,505,10,real,False,0.2812393795852923,0.357165947282906,0.2812521650923844,0.35719361543842504,0.8431694620794824,19,24,114.18388662500001
2048,505,10,shuffled,False,0.305517859788104,0.3787742188402183,0.30578653980724535,0.37917062736017604,0.8336813323245434,22,24,112.52957450000002
2048,505,11,none,False,0.31529499276408024,0.4480306017130102,0.3152984966711769,0.4480548821043202,0.8032710542367334,15,22,104.04910008300004
2048,505,11,real,False,0.3064435695255823,0.40575670847052625,0.3064435695255823,0.40575670847052625,0.8218333989049441,15,22,106.175497667
2048,505,11,shuffled,False,0.3353375898097295,0.4353049849274029,0.3353456270246873,0.4353350877209531,0.8088588358856831,15,22,102.88518087499995
2048,505,12,none,False,0.32056720713542025,0.3665301699209788,0.32068797688009737,0.3667651236395052,0.8390576589114911,20,24,114.30308066700002
2048,505,12,real,False,0.30717556319351413,0.3942915438890436,0.30720540481653885,0.39433896683954306,0.8268677196243182,23,24,118.16302166599996
2048,505,12,shuffled,False,0.3132053559404327,0.39230113536946015,0.31324249258859904,0.3923387701156319,0.8277417022679115,23,24,97.78861429100004
2048,606,10,none,False,0.2665091594713856,0.3500769732982988,0.26656634415099395,0.3501507522148775,0.8462822101221448,11,18,85.93965779199993
2048,606,10,real,False,0.2753056516864394,0.34039735617860656,0.2753431273082983,0.3404338598729843,0.85053250209789,12,19,93.95849145900002
2048,606,10,shuffled,False,0.2689472888790198,0.3417648802691326,0.2691367167604324,0.34199367011298726,0.8499320262116303,12,19,91.44872758400004
2048,606,11,none,False,0.29421524580248315,0.35952044553610973,0.2970778078416146,0.36170593001539386,0.8421356086833456,12,19,90.80925941700002
2048,606,11,real,False,0.33921785096016416,0.50998368383337,0.34016140011423784,0.5105701987906314,0.7760676344575403,12,19,94.91533425
2048,606,11,shuffled,False,0.30802223735437845,0.3881518033609387,0.30845833672050854,0.38861195518471126,0.8295636619923973,11,18,84.76326595800003
2048,606,12,none,False,0.3021389663168498,0.39604903381829665,0.30221621827129214,0.39614183414626886,0.8260960108623506,16,23,109.52650462499992
2048,606,12,real,False,0.27136670235099686,0.34688459416710354,0.27136670235099686,0.34688459417769507,0.8476839745966147,15,22,108.08104874999992
2048,606,12,shuffled,False,0.32301224016032754,0.3544073014079468,0.32301224016032754,0.3544073014079468,0.8443807755313759,15,22,81.10064750000004
