mouse,condition,seed,fraction,null,seen_r2,unseen_r2,untrained_r2,best_step,seconds
MP019,depth,0,1.0,False,0.3596148076655903,0.19130917593741092,-0.11586139611640833,1600,14.416566583000005
MP019,depth,1,1.0,False,0.4121500596658453,0.22893387491233885,-0.2701024143731574,1600,13.656040874999974
MP019,depth,2,1.0,False,0.3691936381179023,0.20465319563064666,-0.0728152050785904,1200,13.380188125000004
MP019,depth,3,1.0,False,0.36491573228642626,0.18879353798012743,-0.08683512281021333,1600,13.28443333399997
MP019,depth,4,1.0,False,0.45666058829447687,0.2602161288252619,-0.31087249620604607,1000,13.158367957999985
MP019,distance,0,1.0,False,0.08649016891654115,-0.030050107761214306,-0.2113980426821398,1600,14.793080916999997
MP019,distance,1,1.0,False,0.16822716691325468,0.029527651045120673,-0.07613434935491004,1600,13.957468124999991
MP019,distance,2,1.0,False,0.14065351117500768,0.03397419108281463,-0.027133660868651432,1200,14.114497084000021
MP019,distance,3,1.0,False,0.16101857801829256,0.03956840940322137,-0.009156716160861,1200,13.878826500000002
MP019,distance,4,1.0,False,0.1668334769610944,0.035169336749209634,-0.4465578782636008,1000,13.89032758299993
MP019,distance_shuffled,0,1.0,False,0.08915894507440225,-0.02777642016804016,-0.21152263264846405,1600,15.059420749999987
MP019,distance_shuffled,1,1.0,False,0.17793520389983997,0.03745341610535169,-0.07642472714062909,1600,14.524851333000015
MP019,distance_shuffled,2,1.0,False,0.13697674935190507,0.027890294145666017,-0.02717876691133725,1200,14.058951374999992
MP019,distance_shuffled,3,1.0,False,0.16215202161949283,0.03798720279692569,-0.00944968006359126,1200,15.552331250000009
MP019,distance_shuffled,4,1.0,False,0.1695985286932552,0.038303465365456146,-0.44650801494081116,1000,13.81071374999999
MP019,id_depth,0,1.0,False,0.778670298603446,,-0.11670644631504068,1600,15.049990709
MP019,id_depth,1,1.0,False,0.7400514004165466,,-0.27027651645974005,1400,16.148047249999998
MP019,id_depth,2,1.0,False,0.8039400752373485,,-0.07300179562460762,1400,15.757607082999996
MP019,id_depth,3,1.0,False,0.791560032997515,,-0.08657774694001152,1600,13.573208416999996
MP019,id_depth,4,1.0,False,0.7778913865734706,,-0.310569791720984,1600,15.16249925000001
MP019,id_real,0,1.0,False,0.7938697628647847,,-0.11098105187434637,1400,16.340934125000004
MP019,id_real,1,1.0,False,0.7814167597823174,,-0.041629291462537577,1600,13.275706458999991
MP019,id_real,2,1.0,False,0.823202831583441,,-0.041851169083215733,1400,13.711114250000008
MP019,id_real,3,1.0,False,0.7850895522316892,,-0.0008178258245750136,1600,13.523097458000052
MP019,id_real,4,1.0,False,0.7947036970172996,,-0.6110871792137949,1400,13.318135916000017
MP019,id,0,1.0,False,0.7545884790748951,,-0.21203741675335608,1200,15.104569124999998
MP019,id,1,1.0,False,0.7579767436641698,,-0.07493163263378633,1000,12.66181208399999
MP019,id,2,1.0,False,0.7742018758017155,,-0.027664285972822,1400,13.230188375000012
MP019,id,3,1.0,False,0.7877053618188156,,-0.00955684925385425,1600,12.809257833999993
MP019,id,4,1.0,False,0.7900979316675911,,-0.44695236053187015,1400,12.665206749999982
MP019,id_shuffled,0,1.0,False,0.7665265816790336,,-0.11544041615435474,1400,15.217142167000006
MP019,id_shuffled,1,1.0,False,0.763938554894412,,-0.04280540757023332,1000,13.456975250000028
MP019,id_shuffled,2,1.0,False,0.8028262181783827,,-0.04670511917320819,1400,13.349826207999996
MP019,id_shuffled,3,1.0,False,0.797779752090616,,-0.0017711494564183194,1600,13.701885415999982
MP019,id_shuffled,4,1.0,False,0.7789375156765399,,-0.6201049813324764,1400,13.209641707999992
MP019,none,0,1.0,False,0.10678664353240053,-0.011055858985469902,-0.21089163373250264,1600,13.970777167
MP019,none,1,1.0,False,0.17726364807860928,0.037159871545191736,-0.07467326312373768,1600,14.807867458000004
MP019,none,2,1.0,False,0.1368115582516971,0.015806955113872867,-0.027791345435923542,1000,12.902125749999996
MP019,none,3,1.0,False,0.1565554056955214,0.037717577939301306,-0.009758007438384064,1200,12.653816416000012
MP019,none,4,1.0,False,0.16917305213883094,0.037848657986514156,-0.4471563208395166,1000,12.645847666999998
MP019,quality_real,0,1.0,False,0.7298265911958854,-0.0977511366824082,-0.03805586903912839,1600,14.307090375000001
MP019,quality_real,1,1.0,False,0.6970348404105301,0.03591205148584875,-0.5189789961527431,1600,13.931637625
MP019,quality_real,2,1.0,False,0.6841807020674457,-0.0702233449489793,-0.06151036181678737,1400,13.683649333999995
MP019,quality_real,3,1.0,False,0.7312895519080709,-0.02038132770760126,-0.004975304710282291,1600,13.840597790999993
MP019,quality_real,4,1.0,False,0.7582469494480838,0.14447004531828755,-0.3064480815012274,1400,13.845946834000074
MP019,quality_shuffled,0,1.0,False,0.730548895099051,-0.02424738632204959,-0.0413369230385372,1400,14.12316525
MP019,quality_shuffled,1,1.0,False,0.7462000580985537,-0.08861614984829425,-0.5229653193942594,1600,13.392137292
MP019,quality_shuffled,2,1.0,False,0.5894351241587297,-0.1319999436307675,-0.06258156654246272,1600,13.86132808299999
MP019,quality_shuffled,3,1.0,False,0.5865694389218699,-0.18972457205337379,-0.008447101750301611,1600,13.916884624999966
MP019,quality_shuffled,4,1.0,False,0.6543339634218863,-0.07361435288025087,-0.30396361349474277,1400,14.00294212499989
MP019,quality_within_depth,0,1.0,False,0.7240327855641169,-0.1658546458988308,-0.03986605592152559,1000,13.945851417
MP019,quality_within_depth,1,1.0,False,0.7740274130530016,-0.015273042678628945,-0.5203580368002081,1400,13.713132334
MP019,quality_within_depth,2,1.0,False,0.6775991500090419,-0.09263507987193509,-0.06812029792461338,1000,14.478183625000014
MP019,quality_within_depth,3,1.0,False,0.7301290570705119,0.038914299831343646,-0.008563982724918429,1600,13.78805083399999
MP019,quality_within_depth,4,1.0,False,0.7649175967450124,-0.08576949977363202,-0.30614994981778887,1400,13.674987249999958
MP019,real,0,0.1,False,0.6664305191848052,0.18828460179386275,-0.006254458743324864,1200,13.336516625000058
MP019,real,0,0.25,False,0.7203076611144525,0.06318521862087068,-0.10753514882941473,1600,14.462569083000062
MP019,real,0,1.0,False,0.7201012469364173,0.03847235458474374,-0.11068197362016696,1600,15.336158167
MP019,real,0,1.0,True,-0.06749313054785144,,-0.11342989334226528,200,13.892836292000084
MP019,real,1,0.1,False,0.7084463843050541,0.1343845488656007,-0.03780793189988807,1600,13.132524291999971
MP019,real,1,0.25,False,0.6202083305332567,0.013951517786401246,-0.03586327949998469,1600,13.731082499999957
MP019,real,1,1.0,False,0.7231585697310251,0.14702588056320098,-0.04156639125177852,1400,15.495217957999984
MP019,real,1,1.0,True,-0.037788676475513316,,-0.04337765649122871,1000,14.068489541000076
MP019,real,2,0.1,False,0.7186697109480316,0.2741496179477444,-0.06823071629613331,1600,13.092747375000044
MP019,real,2,0.25,False,0.6974168675469029,-0.045443664505305126,-0.03725476260039029,1600,13.07992841700002
MP019,real,2,1.0,False,0.7561532231020308,0.11514910278825785,-0.04173130002040515,1600,13.828512665999995
MP019,real,2,1.0,True,-0.06297013466287815,,-0.021774859294520166,800,13.27785204199995
MP019,real,3,0.1,False,0.6903611545333881,0.2556441424308252,-0.27591517132249854,1600,13.393616542000018
MP019,real,3,0.25,False,0.6529260918723021,-0.03641388944385637,-0.007901073206615816,1600,13.343857916000047
MP019,real,3,1.0,False,0.7441218367390072,0.04400491990511346,-0.0012331234643949696,1600,13.328146500000003
MP019,real,3,1.0,True,-0.029725423772028137,,-0.006229980839034921,1400,13.712186208000048
MP019,real,4,0.1,False,0.7162813243695183,0.21035028265966416,-0.5771687054318837,1400,14.140224375000003
MP019,real,4,0.25,False,0.6931611051330253,0.15650325227755846,-0.6752800618362884,1200,13.879446333000033
MP019,real,4,1.0,False,0.719813927050067,0.11690652263776147,-0.6111519213748686,1600,14.688601290999998
MP019,real,4,1.0,True,-0.06561118805842892,,-0.6155289386286722,1400,12.698253167000075
MP019,shuffled,0,0.1,False,0.7324494671468706,0.04403849020933115,-0.008153350220124755,1400,13.060716458000002
MP019,shuffled,0,0.25,False,0.7235958254072237,-0.07940006645287268,-0.1122301504885388,800,13.786131042000079
MP019,shuffled,0,1.0,False,0.7103352753674923,-0.19345181068839468,-0.1150031751268279,1400,16.550205083999998
MP019,shuffled,1,0.1,False,0.6671994249257803,-0.13717531807389793,-0.0334869998155074,1400,13.910106541999994
MP019,shuffled,1,0.25,False,0.6529247518618411,-0.23989017372384502,-0.03704313993866237,1600,13.728001000000063
MP019,shuffled,1,1.0,False,0.7419095316374409,-0.16614605193544385,-0.042874377469581004,1600,14.364726499999989
MP019,shuffled,2,0.1,False,0.6965116270471206,-0.1633237439912194,-0.06509992816706589,1600,13.306965624999975
MP019,shuffled,2,0.25,False,0.6211426811897762,0.013854123575355315,-0.04204767292038891,600,14.236669916999972
MP019,shuffled,2,1.0,False,0.7044180669683213,-0.1277442249400309,-0.046504410629852,1400,13.541431040999996
MP019,shuffled,3,0.1,False,0.7040324418637237,-0.13953881723911254,-0.3044621716295641,1400,13.21377208299998
MP019,shuffled,3,0.25,False,0.7078171780899355,-0.20980031725959902,-0.010711322249213007,1000,13.900479458000063
MP019,shuffled,3,1.0,False,0.6602804420076498,-0.2713582325555657,-0.002135734782370502,1200,13.271736375000017
MP019,shuffled,4,0.1,False,0.6661906526525965,-0.11071574280530738,-0.5908413952702498,1200,14.419512749999967
MP019,shuffled,4,0.25,False,0.6362906391679213,-0.12544300849898726,-0.685593434759473,1200,14.020055124999999
MP019,shuffled,4,1.0,False,0.5489582677088993,-0.07126503765042913,-0.6202172035168001,1600,14.30929570799998
MP019,within_depth,0,1.0,False,0.744491989547619,-0.1427495844351998,-0.10756212209415805,1400,14.903867208999998
MP019,within_depth,1,1.0,False,0.7709445138937215,-0.07243009556088476,-0.041440369906575736,1400,14.819350290999978
MP019,within_depth,2,1.0,False,0.6675294793516859,-0.004146586966891741,-0.04619637725529935,1000,13.086789832999983
MP019,within_depth,3,1.0,False,0.7528946094129618,0.019590192406171325,-0.0015646543786096423,1600,13.397161332999985
MP019,within_depth,4,1.0,False,0.6761786749484094,-0.04380097037608377,-0.6172463554173837,800,13.461070708999955
MP027,depth,0,1.0,False,0.2634026009755974,-0.032181322515337785,-0.05566743827406695,1400,13.514734999999973
MP027,depth,1,1.0,False,0.3655529357057036,0.014759036136541615,-0.18247693612069615,1200,14.560700708000013
MP027,depth,2,1.0,False,0.235216792678823,-0.048194017494263885,0.029464452999347968,1200,16.33950945799984
MP027,depth,3,1.0,False,0.29306947829056007,-0.03254807182312991,-0.08875867724610886,1200,13.891409042000078
MP027,depth,4,1.0,False,0.07437742325285213,-0.12010195904076704,-0.19338737150089313,1000,13.96902437499989
MP027,distance,0,1.0,False,0.19348143614520874,0.09470887659100491,-0.14349143954576804,1200,14.106907375000105
MP027,distance,1,1.0,False,0.18010412806510634,0.08437035265699933,-0.0766442981113955,1400,17.069665041999997
MP027,distance,2,1.0,False,0.2569416387422101,0.14397843676985622,0.044676543463560425,1600,16.603807499999903
MP027,distance,3,1.0,False,0.1670975389364443,0.07123294069155783,-0.0355333287719346,1000,14.556630708000057
MP027,distance,4,1.0,False,0.19622885218186548,0.0877015216882101,-0.3615494920736506,1400,16.078070249999882
MP027,distance_shuffled,0,1.0,False,0.19302118006825308,0.07263757352171407,-0.14449057319321512,1200,15.514664957999912
MP027,distance_shuffled,1,1.0,False,0.19357417687829892,0.09316459697454993,-0.07671706722214533,1600,17.031453291999924
MP027,distance_shuffled,2,1.0,False,0.2393826216797047,0.13092133719279886,0.04450034674776959,1600,16.373832666999988
MP027,distance_shuffled,3,1.0,False,0.1827519626367805,0.07988304423227455,-0.03521919798271589,1000,13.944569499999943
MP027,distance_shuffled,4,1.0,False,0.19389608385910484,0.08944397152947525,-0.36131644450163347,1400,16.163089250000212
MP027,id_depth,0,1.0,False,0.5409211362047444,,-0.05621804708254596,1400,16.329522834000002
MP027,id_depth,1,1.0,False,0.5557433429756838,,-0.18200324091194653,1200,16.24350924999999
MP027,id_depth,2,1.0,False,0.47816035124660017,,0.029524444273325234,1200,14.453677458999977
MP027,id_depth,3,1.0,False,0.5495384636421423,,-0.08852245079734833,1400,16.030003042000004
MP027,id_depth,4,1.0,False,0.5389839733770161,,-0.19360128941816201,1200,13.246505125000027
MP027,id_real,0,1.0,False,0.5542518734890287,,-0.07752278210429986,1600,15.254715709000038
MP027,id_real,1,1.0,False,0.5483710529548748,,-0.04818566957169623,1200,13.28536216600014
MP027,id_real,2,1.0,False,0.41790924856621703,,0.04617941259823832,1200,16.537372834000053
MP027,id_real,3,1.0,False,0.5095936299930363,,-0.010086584327950732,1200,15.554707917000087
MP027,id_real,4,1.0,False,0.5744671005173059,,-0.4386188224288985,1000,14.106261125000174
MP027,id,0,1.0,False,0.5413791515861546,,-0.14509112874716057,1600,15.344088459000005
MP027,id,1,1.0,False,0.5506229373702305,,-0.07565403987395225,1400,15.364235082999983
MP027,id,2,1.0,False,0.4115921532108272,,0.044722635972005986,1200,13.243405041999978
MP027,id,3,1.0,False,0.5026405502420841,,-0.035034345383281096,1400,14.645782832999998
MP027,id,4,1.0,False,0.5412806285718472,,-0.36278816347262266,1600,13.918724832999999
MP027,id_shuffled,0,1.0,False,0.4459855618183598,,-0.08172724383855146,1600,14.671578082999986
MP027,id_shuffled,1,1.0,False,0.5587003327250117,,-0.045678571652286726,1400,13.53312649999998
MP027,id_shuffled,2,1.0,False,0.4432295018285175,,0.04238999417590317,1200,16.56046850000007
MP027,id_shuffled,3,1.0,False,0.5566428192674207,,-0.010975530380139986,1400,16.13983645799999
MP027,id_shuffled,4,1.0,False,0.5069112257756312,,-0.4240821963785797,1000,13.592016709000063
MP027,real,0,1.0,False,0.448166686262756,-0.01643563573607243,-0.07698845285138023,1600,14.302571166999996
MP027,real,1,1.0,False,0.49717746976834076,0.10888193105365995,-0.04833986676796531,1600,14.337753582999994
MP027,real,2,1.0,False,0.4218783241028865,0.10516308955519915,0.04611077440213007,1200,16.501759624999977
MP027,real,3,1.0,False,0.4132301488563088,-0.12365753160105353,-0.010170950650533639,1200,15.226364874999945
MP027,real,4,1.0,False,0.43969294437858064,0.0125969831934849,-0.4373494036987564,1200,13.219910999999911
MP027,shuffled,0,1.0,False,0.39526501744063347,-0.23477194523373757,-0.08096448105634102,1200,15.231169166999962
MP027,shuffled,1,1.0,False,0.4131435703401608,-0.10660477986396333,-0.04576197904117829,1600,13.748167457999898
MP027,shuffled,2,1.0,False,0.3432937934573286,-0.1956826205463773,0.0421692401540944,1400,16.606717333000006
MP027,shuffled,3,1.0,False,0.4536885167082042,-0.14443990281990637,-0.011190031439090475,1400,14.248318250000011
MP027,shuffled,4,1.0,False,0.4738545414482269,-0.17266718783849,-0.42369267856858084,1600,13.787802124999871
MP027,within_depth,0,1.0,False,0.4064959835110442,-0.1422697142966134,-0.08128961390979028,1600,14.089389499999925
MP027,within_depth,1,1.0,False,0.4471218610661529,-0.0916060947267685,-0.05121370296020045,1600,15.169952707999983
MP027,within_depth,2,1.0,False,0.47366503104545365,0.07589056406508721,0.04566975619336511,1200,16.287840208000034
MP027,within_depth,3,1.0,False,0.4685420727799038,-0.07409335096012382,-0.011804820422260498,1600,13.462717167000164
MP027,within_depth,4,1.0,False,0.3398754522746238,-0.18413470050402592,-0.4313570298137035,1200,13.938418665999961
MP028,depth,0,1.0,False,0.14773445175779698,0.1851431961129093,-0.019858642678391547,1000,14.301489791999984
MP028,depth,1,1.0,False,0.08930646297944167,0.16070213125789434,-0.2156948977757407,1000,12.530873165999992
MP028,depth,2,1.0,False,0.015881854900518078,0.06589141968969991,-0.2104445634397245,600,13.725004166999952
MP028,depth,3,1.0,False,0.10076095947962482,0.12205610788867127,-0.3980476032571769,1200,13.739135042000044
MP028,depth,4,1.0,False,0.07031533404967927,0.13813766570900965,-0.14041345454204923,1200,13.836765374999914
MP028,distance,0,1.0,False,0.0031616644787937354,0.02658509637547901,-0.07295520768669617,1600,15.305381874999966
MP028,distance,1,1.0,False,0.051033224853566206,0.10743331770296605,-0.05907822195798551,1400,12.967472584000006
MP028,distance,2,1.0,False,0.05155485491500189,0.1022785559036492,-0.16057328997823617,1200,14.096468916999811
MP028,distance,3,1.0,False,0.018925484087806588,0.07227951498781948,-0.14299968730009094,1000,14.061297708999973
MP028,distance,4,1.0,False,-0.008787467781749214,0.011566763482767417,-0.36834104379747523,800,14.551820624999891
MP028,distance_shuffled,0,1.0,False,0.025141516804357167,0.057574684818135435,-0.07199658141902665,1600,14.744655875000035
MP028,distance_shuffled,1,1.0,False,0.0010564287844704312,0.04666061082532147,-0.058810098662082755,800,15.095602083999893
MP028,distance_shuffled,2,1.0,False,-0.004983883070142525,0.03165280668728798,-0.16083046780764398,600,13.883480292000058
MP028,distance_shuffled,3,1.0,False,0.019467136838001164,0.06750988007318759,-0.14299035147264472,1000,13.331021875000033
MP028,distance_shuffled,4,1.0,False,0.004773584820722321,0.04153956369973821,-0.3685585947849126,800,13.891697084000043
MP028,id_depth,0,1.0,False,0.25852125886380384,,-0.019939111593849868,800,13.485774666999987
MP028,id_depth,1,1.0,False,0.22442755202139997,,-0.2157380683712864,1000,12.580888916000049
MP028,id_depth,2,1.0,False,0.2632713258602528,,-0.2106065050145003,1400,12.74075504199999
MP028,id_depth,3,1.0,False,0.3304005884310326,,-0.39852012243598245,1400,12.681207083000004
MP028,id_depth,4,1.0,False,0.31485296551074815,,-0.13988739456719013,1400,14.891717125000014
MP028,id_real,0,1.0,False,0.21646117421805455,,0.0030118727895367403,800,15.053605458999982
MP028,id_real,1,1.0,False,0.2093586927785932,,-0.05120427890045054,1000,12.72020362499984
MP028,id_real,2,1.0,False,0.2248058311783957,,-0.18107016880313975,1400,15.144032917000004
MP028,id_real,3,1.0,False,0.22914352005374994,,-0.1360464946827522,800,13.375404708999895
MP028,id_real,4,1.0,False,0.1475881447618842,,-0.44669893350890955,800,14.973512083999822
MP028,id,0,1.0,False,0.37721893389462935,,-0.0726629485418464,1400,11.929753250000005
MP028,id,1,1.0,False,0.31923323556159167,,-0.058143418695112636,1000,11.883714166999994
MP028,id,2,1.0,False,0.24844599615302554,,-0.15951538362325368,1400,12.150643166999998
MP028,id,3,1.0,False,0.31775647762056203,,-0.14589197794618602,1600,12.130991416999962
MP028,id,4,1.0,False,0.33305684148238246,,-0.3701766495325911,1400,13.387681250000014
MP028,id_shuffled,0,1.0,False,0.30026317149559933,,0.010721470012422962,1400,14.959821250000005
MP028,id_shuffled,1,1.0,False,0.2684473597234103,,-0.05535287217739038,1000,12.727072749999934
MP028,id_shuffled,2,1.0,False,0.08335696978845575,,-0.1890761330499222,600,14.3322129579999
MP028,id_shuffled,3,1.0,False,0.308648304021515,,-0.12724557377257661,1200,13.92218641699992
MP028,id_shuffled,4,1.0,False,0.34153138079454926,,-0.4591964473084662,1400,14.722520792000068
MP028,real,0,1.0,False,0.19119613664290103,0.1350643638410146,0.0030620435991012274,1600,14.42564495900001
MP028,real,1,1.0,False,0.12322174423748933,0.10496721989069224,-0.05097881060909515,1400,12.51991883400001
MP028,real,2,1.0,False,0.12188261843712489,0.14737496810092998,-0.1811185304427292,1200,14.508495583000013
MP028,real,3,1.0,False,0.16554898618089564,0.14534579429876482,-0.13505814332995913,1600,12.96987987500006
MP028,real,4,1.0,False,0.145009518195079,0.1676126664033475,-0.44742390105654173,1400,13.082165166999857
MP028,shuffled,0,1.0,False,0.3026238026918623,0.048879659140769305,0.010838943209677376,1000,14.572598208000045
MP028,shuffled,1,1.0,False,0.1634551971437639,0.12276909163513794,-0.055202273472074515,1400,12.556739874999948
MP028,shuffled,2,1.0,False,0.13006691340035736,0.1839954331149406,-0.18919982296461635,1200,14.200758707999967
MP028,shuffled,3,1.0,False,0.2099327704693542,0.08789456812082175,-0.12684824540372297,1600,13.08189095900002
MP028,shuffled,4,1.0,False,0.10976821630145794,0.05547923992983039,-0.45984917211466203,400,13.349989584000014
MP028,within_depth,0,1.0,False,0.26923765604671634,0.08609823056678623,0.005281173527244998,1400,14.794060542000125
MP028,within_depth,1,1.0,False,0.11332267632723791,0.11332275429407379,-0.05393750281653342,800,12.429072458000064
MP028,within_depth,2,1.0,False,0.12357651436611194,0.03640164305546678,-0.1780384488286033,600,13.678698665999946
MP028,within_depth,3,1.0,False,0.2765660726371201,0.22291765980871636,-0.12361141018508137,1200,13.791754542000035
MP028,within_depth,4,1.0,False,0.10524989817922803,0.06506263248709021,-0.4490460898810609,800,13.158796832999997
