fraction,seed,condition,validation_mse,raw_mse,r2,best_epoch,epochs_run,reused,beats_constant,beats_untrained
10,10,real,103.29147496115961,103.29147496115961,-0.060602983635164254,5,12,False,True,True
10,10,none,99.62843496767657,99.62843496767657,-0.022990671992563216,3,12,False,True,True
10,10,shuffle1,103.29687979348867,103.29687979348867,-0.06065848077368807,5,12,False,True,True
10,10,shuffle2,103.29156565283692,103.29156565283692,-0.06060391486267913,5,12,False,True,True
10,11,real,98.43107608893925,98.43107608893925,-0.010696120097081208,1,12,False,True,True
10,11,none,98.51529465200932,98.51529465200932,-0.011560881291586167,1,12,False,True,True
10,11,shuffle1,98.4297056166222,98.4297056166222,-0.010682048006146472,1,12,False,True,True
10,11,shuffle2,98.43021358961721,98.43021358961721,-0.010687263902950273,1,12,False,True,True
10,12,real,101.89509059393,101.89509059393,-0.04626482623406081,2,12,False,True,True
10,12,none,98.77438393957452,98.77438393957452,-0.0142212254441203,1,12,False,True,True
10,12,shuffle1,101.9122315309899,101.9122315309899,-0.04644083039117897,2,12,False,True,True
10,12,shuffle2,101.88421508000121,101.88421508000121,-0.046153155812801216,2,12,False,True,True
30,10,real,100.79274284651613,100.79274284651613,-0.03494585257243599,1,12,False,True,True
30,10,none,98.78973573007065,98.78973573007065,-0.014378856881138713,1,12,False,True,True
30,10,shuffle1,100.84006529126744,100.84006529126744,-0.03543176223761413,1,12,False,True,True
30,10,shuffle2,100.97069867865352,100.97069867865352,-0.03677311359550495,1,12,False,True,True
30,11,real,104.29236693832077,104.29236693832077,-0.07088019999753903,3,12,False,False,True
30,11,none,106.40374975253857,106.40374975253857,-0.09256000377165541,1,12,False,False,True
30,11,shuffle1,103.91344000669616,103.91344000669616,-0.06698935582327081,2,12,False,False,True
30,11,shuffle2,102.84132238701729,102.84132238701729,-0.055980788612771004,2,12,False,False,True
30,12,real,71.56786897872813,71.56787555712324,0.2651368830217091,17,24,False,True,True
30,12,none,99.02995485808353,99.02995485808353,-0.016845441113537918,0,12,False,True,False
30,12,shuffle1,104.00727390631192,104.00727390631192,-0.06795284786144173,0,12,False,False,False
30,12,shuffle2,67.68286656369737,67.68295390090822,0.3050283178921013,17,24,False,True,True
100,10,real,16.72439914955358,16.724403610270812,0.8282728783882942,15,22,True,True,True
100,10,none,16.57830615153253,16.5783356550296,0.8297729699499363,11,18,True,True,True
100,10,shuffle1,16.315306369969647,16.31532142171616,0.8324734672932748,11,18,True,True,True
100,10,shuffle2,17.562560796911264,17.562562790008087,0.8196665849209499,15,22,False,True,True
100,11,real,16.44525836063143,16.446359603008688,0.8311391125517679,20,24,True,True,True
100,11,none,15.976305067337604,15.984252110946509,0.8359543527590568,20,24,True,True,True
100,11,shuffle1,16.37413250563702,16.374380294250535,0.8318694370460077,20,24,True,True,True
100,11,shuffle2,16.620446408167037,16.620446408167037,0.8293402712974399,14,21,False,True,True
100,12,real,16.102019243946767,16.151519015992335,0.8346635121433894,9,16,False,True,True
100,12,none,16.30433330448736,16.434945894705802,0.8325861393799475,10,17,False,True,True
100,12,shuffle1,17.00928513585922,17.009489758696443,0.8253476521976071,13,20,False,True,True
100,12,shuffle2,16.450800639433947,16.493857930327678,0.8310822041045696,8,15,False,True,True
