mouse,fold,lambda,mse,raw_mse,r2,zero_mse,mean_mse,beats_both,clipped_fraction,predicted_speed_std
MP030,1,0.01,0.14312033151566128,0.15526823361538003,0.4582958523756685,0.2912171153372535,0.35293634216025493,True,0.2857142857142857,2.295930066122598
MP030,1,0.1,0.14292244621321865,0.1548126443874603,0.4590448395248168,0.2912171153372535,0.35293634216025493,True,0.2857142857142857,2.2936997432542374
MP030,1,1.0,0.14148966389211406,0.15124858796747695,0.464467857468988,0.2912171153372535,0.35293634216025493,True,0.2714285714285714,2.2734833847931952
MP030,1,10.0,0.1421951286109317,0.14508620300323005,0.46179770459735126,0.2912171153372535,0.35293634216025493,True,0.18,2.1351346729300786
MP030,2,0.01,0.21502960406023985,0.25281730637788935,0.6533317077671565,0.7322690770991858,0.625950611986616,True,0.402002861230329,2.0327811065728616
MP030,2,0.1,0.21334597868426947,0.25010953200223174,0.6560460295294941,0.7322690770991858,0.625950611986616,True,0.402002861230329,2.0326755444270277
MP030,2,1.0,0.20189106336858081,0.2309804862483954,0.674513514262662,0.7322690770991858,0.625950611986616,True,0.40486409155937053,2.0343801315190406
MP030,2,10.0,0.1895427560116596,0.1990548438677197,0.6944213155261145,0.7322690770991858,0.625950611986616,True,0.38197424892703863,2.028038127688438
MP030,3,0.01,0.08387305472170903,0.11671650987078085,0.35964777789153934,0.137126182267364,0.23531284587088966,True,0.448,0.7313489057628673
MP030,3,0.1,0.08164696986064326,0.11287128935595708,0.3766434434496284,0.137126182267364,0.23531284587088966,True,0.44133333333333336,0.727234268726875
MP030,3,1.0,0.06808205890272714,0.08938006395721394,0.48020853838299193,0.137126182267364,0.23531284587088966,True,0.44,0.7158859213912128
MP030,3,10.0,0.04665606678000668,0.05251663776309457,0.6437912493285515,0.137126182267364,0.23531284587088966,True,0.39066666666666666,0.7942485461117876
MP032,1,0.01,0.09967756799981507,0.10115021478179072,0.6535955600157455,0.30522415234830336,0.33030764447835537,True,0.21761658031088082,1.066198594366156
MP032,1,0.1,0.09959901891120944,0.10105171334263698,0.6538685377136941,0.30522415234830336,0.33030764447835537,True,0.2158894645941278,1.065668863052464
MP032,1,1.0,0.09892789035999322,0.10021295812434772,0.6562008770213901,0.30522415234830336,0.33030764447835537,True,0.2141623488773748,1.0608758265551579
MP032,1,10.0,0.09609376068378239,0.09678380354147832,0.6660501853766299,0.30522415234830336,0.33030764447835537,True,0.19343696027633853,1.0302305393462812
MP032,2,0.01,0.010058699475471835,0.017977459014489865,-0.25217468788441955,0.008800053068841563,0.11310867538405017,False,0.5112262521588946,0.22824877085957493
MP032,2,0.1,0.00990354519630119,0.017738534729337684,-0.23286003775810982,0.008800053068841563,0.11310867538405017,False,0.5129533678756477,0.22748049982087667
MP032,2,1.0,0.00877991364609759,0.015932424862223602,-0.09298281117387686,0.008800053068841563,0.11310867538405017,True,0.5094991364421416,0.2228753978408535
MP032,2,10.0,0.006334294105444581,0.010323893058620975,0.21146438823482916,0.008800053068841563,0.11310867538405017,True,0.5164075993091537,0.22902609966988735
MP032,3,0.01,0.023974319886554806,0.04125545642804969,-1.6443856001136954,0.010696727266456636,0.0804220980341094,False,0.5373608903020668,0.3197294708097084
MP032,3,0.1,0.023604176038476955,0.040429106737867336,-1.6035584539648418,0.010696727266456636,0.0804220980341094,False,0.5421303656597775,0.31825166918933284
MP032,3,1.0,0.021517501178723565,0.03568026571539736,-1.3733966401005953,0.010696727266456636,0.0804220980341094,False,0.5500794912559619,0.3107791175257574
MP032,3,10.0,0.019484969879996376,0.028346806942240083,-1.149206901932096,0.010696727266456636,0.0804220980341094,False,0.5707472178060413,0.31476534782902804
MP033,1,0.01,0.3292075604302156,0.3314022692824781,0.6722878772401102,3.135231979027651,1.149478080945434,True,0.0407673860911271,5.286760530964962
MP033,1,0.1,0.3298752437605883,0.33205341889925916,0.6716232268862669,3.135231979027651,1.149478080945434,True,0.0407673860911271,5.279979364570996
MP033,1,1.0,0.33645792937875935,0.33848428317706175,0.6650704433640029,3.135231979027651,1.149478080945434,True,0.03836930455635491,5.215327273454635
MP033,1,10.0,0.3920145727953247,0.3931411947225292,0.609766168080458,3.135231979027651,1.149478080945434,True,0.03117505995203837,4.745847276901093
MP033,2,0.01,0.555751229932749,0.556001541692146,0.135897851720297,4.814499835295813,1.4336779529979322,True,0.014388489208633094,3.668107456862649
MP033,2,0.1,0.5569823108894776,0.5572251593409403,0.1339837224442464,4.814499835295813,1.4336779529979322,True,0.014388489208633094,3.655859973687652
MP033,2,1.0,0.5690655444451661,0.5692484740128183,0.11519627311210667,4.814499835295813,1.4336779529979322,True,0.011990407673860911,3.5445166592156316
MP033,2,10.0,0.6669279781829448,0.6669391532069792,-0.036963784615390516,4.814499835295813,1.4336779529979322,True,0.004796163069544364,2.90753783244672
MP033,3,0.01,0.42805551999748664,0.42835183670050586,0.6191495035377526,1.9771614062773166,1.2719937596198814,True,0.01284796573875803,6.565023873307025
MP033,3,0.1,0.42870915728047165,0.428990461411369,0.6185679479401689,1.9771614062773166,1.2719937596198814,True,0.01284796573875803,6.550839585371545
MP033,3,1.0,0.4372241669726754,0.4374075499131268,0.6109919548337708,1.9771614062773166,1.2719937596198814,True,0.01284796573875803,6.427892616007638
MP033,3,10.0,0.5210921442303057,0.5211137880779976,0.5363727540907445,1.9771614062773166,1.2719937596198814,True,0.0021413276231263384,5.708024934619631
MP034,1,0.01,0.4836893572375869,0.4836893572375869,0.6880234594674636,4.016979858494209,1.6669331261546143,True,0.0,5.946859503322904
MP034,1,0.1,0.484670545695815,0.484670545695815,0.6873905991900395,4.016979858494209,1.6669331261546143,True,0.0,5.94002822139255
MP034,1,1.0,0.4943603420144166,0.4943603420144166,0.6811407425646903,4.016979858494209,1.6669331261546143,True,0.0,5.873840998553748
MP034,1,10.0,0.5789058938824557,0.5789058938824557,0.6266094025744059,4.016979858494209,1.6669331261546143,True,0.0,5.351321549179328
MP034,2,0.01,0.21692177884112382,0.21994805274888699,0.8156552850001325,2.9946122379056015,1.2177065570051508,True,0.05515587529976019,6.7203509891897895
MP034,2,0.1,0.2175021386653769,0.22047556454969264,0.8151620829483567,2.9946122379056015,1.2177065570051508,True,0.05515587529976019,6.713110956044441
MP034,2,1.0,0.223435370417509,0.22594556679753436,0.810119897132722,2.9946122379056015,1.2177065570051508,True,0.05515587529976019,6.644254099866997
MP034,2,10.0,0.2809074867838962,0.28139877693404264,0.7612788772563336,2.9946122379056015,1.2177065570051508,True,0.03597122302158273,6.10765744896306
MP034,3,0.01,0.35236330440481384,0.35236330440481384,0.41086642128280837,0.7214135209105158,1.3425735943278354,True,0.0,5.430753642722331
MP034,3,0.1,0.351900307024626,0.351900307024626,0.41164052942663876,0.7214135209105158,1.3425735943278354,True,0.0,5.419842218685371
MP034,3,1.0,0.3489499843619121,0.3489499843619121,0.4165733193253798,0.7214135209105158,1.3425735943278354,True,0.0,5.328933699044705
MP034,3,10.0,0.35611416028395765,0.35611416028395765,0.40459518043647524,0.7214135209105158,1.3425735943278354,True,0.0,4.875805905377744
