variant,pool,seed,val_mse,test_mse,test_r2,best_epoch,seconds
depth_random,101,10,0.28831390886495767,0.3812245829178324,0.8326053845212413,19,232.49175466699998
depth_random,101,11,0.2872109720474463,0.33937900866585474,0.850979655555351,16,225.993030333
depth_random,202,10,0.3537076020647526,0.33930403849894586,0.8510125747395391,13,186.831444792
depth_random,202,11,0.34640618618730423,0.41655304654771047,0.8170927579757141,9,173.08591570800002
depth_random,303,10,0.37844154157573956,0.4175901362794226,0.8166373748639321,11,179.50741474999995
depth_random,303,11,0.38946997735934336,0.396308024056123,0.8259822889954609,20,225.6767524999999
depth_random,404,10,0.316739363824372,0.3305287775117477,0.8548657665443141,24,241.1207407909999
depth_random,404,11,0.35119396694543387,0.35296154145813147,0.8450156045579345,18,254.14762029100007
depth_random,505,10,0.284174594827732,0.3570081720421168,0.8432387407329256,22,235.96315408400005
depth_random,505,11,0.36077900675937236,0.4890453142538826,0.7852616121850099,8,138.0845394170001
depth_random,606,10,0.2847530832748051,0.3895696627115928,0.8289410840385069,16,218.6757169579996
depth_random,606,11,0.30432027631514436,0.3746332842294201,0.8354996047758944,15,208.9978005840003
global,101,10,0.30354624039576344,0.35034221327165843,0.8461657440143971,15,212.662784625
global,101,11,0.29847986185141456,0.3645203506382282,0.8399401647652397,20,236.090599084
global,202,10,0.3373566607141438,0.313328546066166,0.8624183385923747,19,227.56579320900005
global,202,11,0.3082234721741381,0.37973921518906345,0.833257605209369,14,218.666814875
global,303,10,0.33502324271004846,0.4141658118874486,0.8181409858338273,24,229.84481104199995
global,303,11,0.36858983328251627,0.41367006821277164,0.8183586654523961,12,181.355201417
global,404,10,0.2977932137609445,0.3166348653867424,0.8609665433091803,24,259.76551979099986
global,404,11,0.29894517080076066,0.30329314930073165,0.8668248523850299,22,234.94479424999986
global,505,10,0.2636408183750686,0.3442494396478114,0.8488410633501988,19,230.96285420800018
global,505,11,0.2981659865513977,0.45817661905375034,0.7988159672683254,15,200.015727792
global,606,10,0.26234221019314546,0.3389297368673998,0.851176929507026,11,177.24942762499995
global,606,11,0.2886317984394488,0.3929746350767184,0.8274459704878184,12,156.63907341700042
random,101,10,0.2730271657933946,0.32368810939419274,0.8578694841964959,15,212.90672525000002
random,101,11,0.2853253606991122,0.3498841270029945,0.8463668883745331,10,172.81625325
random,202,10,0.31734948784706546,0.37659036264151585,0.8346402572864247,22,222.20278470799997
random,202,11,0.3259184798831359,0.3897977408381558,0.8288409355905686,14,217.70854704199996
random,303,10,0.34972021161905364,0.44906800004711855,0.8028155356185287,16,229.91538095800001
random,303,11,0.3331713895070588,0.3862233537151884,0.8304104386730871,8,139.92881312500003
random,404,10,0.3851900304501245,0.41006677442973405,0.819940861366028,18,232.43297333400005
random,404,11,0.4131792600053076,0.3935385499585054,0.8271983570887113,18,259.14478420800015
random,505,10,0.2854176749752071,0.3501758946167962,0.8462387740563334,19,233.80572604099984
random,505,11,0.35635149384045217,0.42456615143136084,0.8135742267190906,23,220.523323292
random,606,10,0.25775372978829053,0.32396531097195336,0.8577477657827351,12,183.47972725
random,606,11,0.30740188589728834,0.3974918618963126,0.8254624692122481,15,206.07824299999993
spatial,101,10,0.3130365758252378,0.3693674724902045,0.8378118075318732,11,171.503981625
spatial,101,11,0.273860579480275,0.3854542944853502,0.8307481303640946,20,242.110946375
spatial,202,10,0.3361243965370432,0.3283372664650185,0.8558280527278989,15,204.89321599999994
spatial,202,11,0.33527094206028807,0.3482988728812146,0.8470629688899092,11,189.78337395900007
spatial,303,10,0.36812359074535694,0.43063595684679573,0.8109089926573969,15,219.70271075000005
spatial,303,11,0.361427356757743,0.3762999831759833,0.8347677620727207,21,225.097583666
spatial,404,10,0.27729682109404497,0.3510546929758894,0.8458528962299932,19,243.4027174580001
spatial,404,11,0.3097439178496208,0.3442625020816968,0.8488353276731322,16,239.34960912499992
spatial,505,10,0.29119391071759376,0.3655509753153521,0.8394876204402919,22,234.8905218750001
spatial,505,11,0.35910868194646767,0.5039016283408165,0.778738247492786,23,215.779293542
spatial,606,10,0.2671736262732692,0.3852881361584101,0.8308210900065023,12,184.59290366699997
spatial,606,11,0.27269403400872466,0.37181330404336893,0.8367378499469921,15,191.69288250000045
