n,pool,seed,condition,validation_mse,test_mse,raw_validation_mse,raw_test_mse,test_r2,best_epoch,epochs_run,fit_seconds,parameters
128,101,10,none,0.6301574353509305,0.8155554862556124,0.6301845560706733,0.815593083159155,0.6418919368251361,17,24,13.156170583000002,19681
128,101,10,real,0.5635502960097846,0.735430135341013,0.5635525485484795,0.7354327357243501,0.6770747474502863,12,19,11.204281583,19681
128,101,10,shuffled,0.5775669851725636,0.8004645290327693,0.5775753207431784,0.8005228696579202,0.6485183326419786,22,24,13.104710790999999,19681
128,101,11,none,0.6659665224132338,0.8764348775633422,0.6659792642367482,0.8764402148473148,0.6151599715868534,23,24,14.999576583,19681
128,101,11,real,0.55470763326591,0.7506064839147701,0.554707865120054,0.7506075213316591,0.6704108565373983,19,24,13.23502225,19681
128,101,11,shuffled,0.6236840934346229,0.7210893241045575,0.6247673201599968,0.7227292608457897,0.6833717563268029,12,19,10.783078916999997,19681
128,202,10,none,0.6041148076256136,0.7128614767007851,0.6041162136359943,0.712864593006289,0.6869845804050163,12,19,10.427055709000001,19681
128,202,10,real,0.6104430032314362,0.6978482794260905,0.6104467385596392,0.6978611941586944,0.6935768320527699,12,19,11.184268125000001,19681
128,202,10,shuffled,0.5759063169019174,0.6578503182728824,0.5759063264787636,0.6578503301080114,0.7111398215009574,15,22,11.981934708999999,19681
128,202,11,none,0.7914890019357101,1.0086391354957935,0.7914890019357101,1.0086391354957935,0.557109463007696,10,17,10.183315499999999,19681
128,202,11,real,0.6756417342433606,0.8592075300837471,0.6756424458200239,0.8592157551295337,0.6227244502072874,24,24,13.187741459000001,19681
128,202,11,shuffled,0.7376448808500787,1.059578097800026,0.7376843733696887,1.0595780992729706,0.5347423114915468,14,21,11.692965833000002,19681
128,303,10,none,0.6017081678475399,0.5782729668191049,0.6036535840766573,0.5806145352155905,0.7460820071424701,7,14,7.729782291999999,19681
128,303,10,real,0.6044795935987644,0.6499372931818944,0.6044840113232077,0.6499616503346421,0.7146144080091029,17,24,13.905770833,19681
128,303,10,shuffled,0.5941389500297702,0.6760391992424248,0.5945039705809437,0.676431532909172,0.7031531362967094,14,21,11.414611708,19681
128,303,11,none,0.5637527733228073,0.6261654552055229,0.5640031353711485,0.6265489547324263,0.7250525535421672,8,15,8.992952458000005,19681
128,303,11,real,0.5462394882362465,0.5885748692631535,0.5462467242728449,0.5885870244250163,0.7415584714745383,16,23,12.634444625,19681
128,303,11,shuffled,0.5413817750306537,0.6118565620597668,0.5413850450319315,0.6118780472370633,0.7313355472770617,19,24,13.370012166000002,19681
512,101,10,none,0.4354545182407775,0.48045408392973243,0.4355071994942437,0.4804911023495529,0.7890339966561093,21,24,33.774887041,31969
512,101,10,real,0.45138009948424573,0.5549980713430979,0.4514916101361446,0.5551599851098117,0.7563019466560619,16,23,33.394947708000004,31969
512,101,10,shuffled,0.42499579724354747,0.4753322731259667,0.424998920977487,0.47533821630610873,0.791282969016415,11,18,25.628514124999995,31969
512,101,11,none,0.5363400845678064,0.6374804594848809,0.5363469349839065,0.6374836635153468,0.7200841677786188,16,23,33.394162249999994,31969
512,101,11,real,0.44394331714277807,0.565655284597973,0.4439439286946074,0.565655418692823,0.7516223950352802,16,23,32.27302162500001,31969
512,101,11,shuffled,0.45350658792586507,0.5544780542279929,0.45350685221062975,0.5544780546091521,0.7565302846723543,14,21,29.198418417,31969
512,202,10,none,0.5374439139222229,0.7494114983814315,0.5374449255910275,0.7494117743699462,0.6709355712405396,16,23,32.70959587500002,31969
512,202,10,real,0.5927852705390559,0.7888900454525487,0.5927902935408864,0.788896088369216,0.6536006550185862,16,23,31.602082709,31969
512,202,10,shuffled,0.6165373314521071,0.8866527280272732,0.616590335412072,0.8867259447571704,0.6106733429011114,15,22,31.416429375000007,31969
512,202,11,none,0.491517712120332,0.7107634716627916,0.491664474446355,0.7110431593047956,0.6879058083696964,10,17,23.478718792000024,31969
512,202,11,real,0.5446206551852084,0.7425883885494149,0.5446213839535693,0.742588557039545,0.6739315791001532,17,24,33.67806029100001,31969
512,202,11,shuffled,0.5160024719950144,0.7401049326900296,0.5160045317435045,0.7401051331672602,0.6750220574094439,14,21,29.19854749999999,31969
512,303,10,none,0.3577275392551453,0.37987692756552255,0.35774115178143673,0.3799170754498662,0.833197136101822,11,18,25.498064999999997,31969
512,303,10,real,0.45451927542655274,0.5565704294547276,0.45470919640868,0.5566697108213631,0.7556115287415699,18,24,32.641658500000005,31969
512,303,10,shuffled,0.3850287389918227,0.4200991029540369,0.38505337470706125,0.4201803268477377,0.8155356948292093,11,18,25.582356457999992,31969
512,303,11,none,0.37283602554492795,0.4450853704168741,0.3728396913316039,0.44508844709582596,0.8045642968092328,14,21,29.102809957999995,31969
512,303,11,real,0.4545820382733359,0.5424073744974227,0.45471151193916287,0.5425366773205936,0.7618304853482942,14,21,29.191930832999986,31969
512,303,11,shuffled,0.42695122486879605,0.4136756845793934,0.42696108157872814,0.41368306543996336,0.8183561993220017,20,24,33.559801292,31969
2048,101,10,depth,0.3069075688509662,0.34113198906886605,0.3069075688509662,0.34113198906886605,0.8502099269133575,11,18,81.63662616700003,81121
2048,101,10,none,0.29876237127650773,0.33541939867100956,0.29876237127650773,0.33541939867100956,0.8527183088905055,11,18,80.60706029200003,81121
2048,101,10,real,0.29214013134003963,0.33459119135691046,0.2921403495965204,0.3345971248618881,0.8530819723348175,19,24,109.80385637499995,81121
2048,101,10,shuffled,0.2843142389052973,0.33509619042372474,0.2843143718583782,0.33510050628180377,0.8528602287002399,15,22,98.80211941700003,81121
2048,101,10,within_depth_shuffled,0.30512028211010817,0.337715383970425,0.3051202919300198,0.33771540040036535,0.8517101483637134,15,22,100.54640716699998,81121
2048,101,11,depth,0.30338972173770157,0.38354474453642934,0.3034118655543478,0.38357538921568207,0.8315866082423851,15,22,140.7753337910001,81121
2048,101,11,none,0.29890182112159885,0.37370790103384194,0.29892648286988305,0.3737509294483875,0.8359059378696542,20,24,152.2800944999999,81121
2048,101,11,real,0.3115505487833189,0.35783460297234315,0.31217116081327184,0.35827524517332926,0.8428758572936517,10,17,102.97264199999995,81121
2048,101,11,shuffled,0.2868119693754184,0.34625558898048714,0.286857636829764,0.3463252054142728,0.8479601689609495,20,24,166.067087667,81121
2048,101,11,within_depth_shuffled,0.32681582073496046,0.3714887044093444,0.3273908736862444,0.37186914787787617,0.8368803807106333,10,17,76.96164291600007,81121
2048,202,10,depth,0.3360353319241701,0.3132499225947642,0.33603535150032277,0.3132540710330965,0.8624528619320351,11,18,81.00784704099999,81121
2048,202,10,none,0.34916392908114696,0.3456749283170328,0.35044264497684746,0.3470412318723653,0.8482151353845171,8,15,67.99645791699999,81121
2048,202,10,real,0.3296330996804067,0.32364971396456216,0.3296330996804067,0.32364971396456216,0.8578863435189718,19,24,108.85146929099997,81121
2048,202,10,shuffled,0.3344108203241204,0.3096173285464026,0.33444891064754273,0.3096467705169648,0.8640479235077125,15,22,98.95255308399999,81121
2048,202,10,within_depth_shuffled,0.35736699544863193,0.3330914573671314,0.35736699544863193,0.3330914573671314,0.8537405012067438,20,24,109.179118958,81121
2048,202,11,depth,0.3310034757464679,0.31458647919913907,0.3310045541876229,0.3145972991632169,0.8618659837796805,11,18,116.05917974999988,81121
2048,202,11,none,0.33009198729234646,0.3749197921990256,0.33023140374837145,0.3750735468609319,0.8353737999523003,14,21,132.37628800000005,81121
2048,202,11,real,0.3293428698773647,0.34071453941536217,0.330046644964672,0.3412444055406167,0.8503932278529118,8,15,69.62207524999997,81121
2048,202,11,shuffled,0.3238334816987123,0.34708483449789473,0.3243238023962903,0.34762190258139647,0.8475960496445574,14,21,162.6095438330001,81121
2048,202,11,within_depth_shuffled,0.32802250674435207,0.3835004301571303,0.32816662406177594,0.38369014888586095,0.8316060665585989,14,21,135.71386791700002,81121
2048,303,10,depth,0.33231219992348926,0.40094055185772054,0.33231349123352427,0.40094422765431864,0.823948159391048,19,24,108.49214558300002,81121
2048,303,10,none,0.3599491361291927,0.4144706387596962,0.3599716523198248,0.4145072138207256,0.8180071372328874,24,24,107.049188125,81121
2048,303,10,real,0.3554061697086634,0.43348904819503176,0.3554066635538502,0.43348908195289976,0.8096562084704267,22,24,108.22898329099999,81121
2048,303,10,shuffled,0.3296601576712518,0.4056003307409076,0.3296717756696857,0.40562963474614994,0.8219020639152606,22,24,107.50765183300001,81121
2048,303,10,within_depth_shuffled,0.3409743902431986,0.402553191542637,0.3410438377497459,0.40263705246467124,0.8232400539538377,20,24,109.45144237500006,81121
2048,303,11,depth,0.4520437950528869,0.5174436699497662,0.4520437950528869,0.5174436699497662,0.7727919760572525,6,13,84.26164662500014,81121
2048,303,11,none,0.3940581573996903,0.4083836590579204,0.394060275272968,0.4083837149720723,0.8206799124742086,11,18,115.038008375,81121
2048,303,11,real,0.3895229231323472,0.4384782034228741,0.38961282400195485,0.4385340461653889,0.807465484791129,6,13,84.59945408299996,81121
2048,303,11,shuffled,0.3970213281917225,0.5017890812367539,0.3970621019098552,0.5018151789665882,0.7796658608367595,8,15,122.12562962499999,81121
2048,303,11,within_depth_shuffled,0.37240746902121247,0.3756676922071581,0.3724180055585646,0.37567039633250704,0.8350453992145522,22,24,152.21417237499986,81121
