pool,seed,condition,selection_mse,evaluation_mse,evaluation_raw_mse,evaluation_r2,untrained_mse,constant_mse,best_epoch
101,10,functional,0.17464826974174094,0.44723620790574387,0.44723629761684247,0.8301352134009311,3.6778761760902103,3.0270053417011122,11
101,10,random,0.15847869149274124,0.6031185779580817,0.6035143039901444,0.7709295295689147,3.6778761760902103,3.0270053417011122,21
101,10,global,0.16272358297529702,0.4905651627168296,0.4905658301747188,0.8136784428344099,3.6778761760902103,3.0270053417011122,11
101,11,functional,0.16392381909844123,0.4982219747825234,0.4988887277641236,0.8107703090013766,3.642204877644889,3.0270053417011122,8
101,11,random,0.19780775005291143,0.7135263541451087,0.7146104588908395,0.7289955514844756,3.6512298358438926,3.0270053417011122,20
101,11,global,0.1552821521276668,0.48846201248912613,0.4886065810541689,0.8144772403340299,3.6517041988041745,3.0270053417011122,21
202,10,functional,0.1902863992128089,0.607190102013766,0.6088228277037454,0.769383123994799,3.6778761760902103,3.0270053417011122,12
202,10,random,0.23534160554739664,0.589807738690292,0.589807738690292,0.7759851195048577,3.6778761760902103,3.0270053417011122,11
202,10,global,0.22142074998067818,0.6092836699708941,0.6147764465632894,0.7685879659374193,3.6778761760902103,3.0270053417011122,10
202,11,functional,0.1990737429258861,0.5322177273191341,0.5323381806957287,0.7978583820423608,3.641927144515907,3.0270053417011122,8
202,11,random,0.20068834102268313,0.5052963048513476,0.5055001615775865,0.8080834076587968,3.648873529936872,3.0270053417011122,14
202,11,global,0.21125185357589576,0.5522220212774479,0.5525006658766033,0.7902605510433776,3.650060206589724,3.0270053417011122,14
303,10,functional,0.20007713794375953,0.6336076700711095,0.633649847241321,0.7593494673247809,3.6778761760902103,3.0270053417011122,17
303,10,random,0.21523759663734424,0.6145002698168422,0.6147145560765419,0.7666066491210682,3.6778761760902103,3.0270053417011122,15
303,10,global,0.17236306257182163,0.6286251661252248,0.6286303241618656,0.7612418721760338,3.6778761760902103,3.0270053417011122,24
303,11,functional,0.20073319836796755,0.6300768799881675,0.6349970407512227,0.7606904967257178,3.6437131301295507,3.0270053417011122,13
303,11,random,0.22072711164364991,0.6122935415960767,0.6134641695870167,0.7674447865788061,3.650519004614358,3.0270053417011122,14
303,11,global,0.18347412383070044,0.6680969228205555,0.668232360596351,0.7462501040471979,3.6505377052849113,3.0270053417011122,11
