name,neurons,window,runs,validation_mse,validation_mse_std,raw_validation_mse,parameters,mean_fit_seconds,seed_scores
latent_n512_no_positions,512,8,5,0.3848725299308896,0.0103455319082594,0.38490187125276737,31969,23.932627999799998,0.37757287375317106;0.402312301470859;0.3772594352686412;0.3814252861911923;0.38579275297058435
latent_n512,512,8,5,0.39367363547436107,0.015544236953172454,0.3946049035397462,31969,21.696393667000002,0.3894995459123902;0.39398050631529014;0.41552532593174535;0.3722363397674801;0.3971264594448996
latent_n256,256,8,5,0.41488302446404285,0.01612944358876022,0.41502103152364705,23777,14.0241442666,0.4315031298990501;0.42740578741573937;0.40562019197137844;0.41767447002196917;0.3922115430120771
ridge_512_w8,512,8,1,0.44129409862006047,0.0,0.5197952329036166,4097,10.718469542,0.44129409862006047
combo_n256,256,8,2,0.44618473004035897,0.020115552943631237,0.4464460434946891,23553,95.35791475050002,0.46040857393411766;0.43196088614660033
ridge_256_w8,256,8,1,0.4627453722199224,0.0,0.5167937932769562,2049,0.6456709999999983,0.4627453722199224
combo_dropout20,128,8,2,0.47628315688628187,0.046872634102890644,0.48282535343822464,19457,29.811797541500013,0.5094271143125116;0.44313919946005204
latent_n128,128,8,2,0.47684891072018165,0.04388879018560484,0.47699752447819643,19681,12.332798707999999,0.5078829718784964;0.44581484956186684
combo_constant,128,8,2,0.47916248580982423,0.0470998029023593,0.4967094313901872,19457,30.835143979499996,0.5124670758346324;0.44585789578501617
gru_mean,128,8,2,0.4814114843676473,0.014644232844733774,0.48224749835790304,17217,51.190033541500014,0.4917665207174333;0.4710564480178613
conv_mean,128,8,2,0.4877235321250296,0.008856086546076418,0.48783463586522136,18833,268.73239912500003,0.4939857309765352;0.48146133327352403
attention_linear,128,8,2,0.49303016131914257,0.013191639203887778,0.49487004396619116,18401,30.8953196665,0.5023580588551779;0.4837022637831072
temporal_mean,128,8,2,0.5015637245120661,0.00908787795942576,0.5035620881142224,15201,29.274082916500003,0.5079898246437718;0.4951376243803604
combo_cosine,128,8,5,0.5016164648683012,0.041444482381576365,0.5121824323702816,19457,37.0537448916,0.5069766841869626;0.4392485741576895;0.5481627377942199;0.48773147964527985;0.5259628485573542
combo_neuron_drop,128,8,2,0.5056150544183234,0.03606079655577804,0.506001370235682,19457,22.004749145999995,0.4801162206387443;0.5311138881979026
original_constant,128,8,5,0.5079011576203407,0.011953812004772173,0.5089015761092971,14145,36.1434411332,0.5057939936041103;0.4899674254211185;0.5232021671906943;0.5105552122069911;0.5099869896787892
flat_mlp,128,8,2,0.5112062151631855,0.015294416939511071,0.5117420164605704,135361,1.9989360419999969,0.5220210010954083;0.5003914292309629
combo_wide,128,8,2,0.5160249205310642,0.020363420333710313,0.5161568382876747,71745,37.3719583745,0.5304240331371828;0.5016258079249456
original_cosine,128,8,2,0.5185988515945038,0.009935651508524157,0.5194005837686879,14145,41.6222045625,0.5256244181516876;0.51157328503732
combo_lower_lr,128,8,2,0.5322560697540618,0.06678163874023721,0.538271490080531,19457,41.392838083,0.5794778193660338;0.48503432014208986
combo_w16,128,16,2,0.5328204920120685,0.08173320387097432,0.5437323301609815,19713,39.940301312,0.590614594717337;0.47502638930679997
combo_two_preln,128,8,2,0.5334782983096261,0.03505982996323546,0.534259622372272,28001,55.54467393750001,0.508687254795375;0.5582693418238772
combo_linear_skip,128,8,2,0.5508182522465969,0.008549987741892456,0.6084911783997847,20482,39.97568222950002,0.5568640065579509;0.5447724979352428
ridge_128_w8,128,8,1,0.580068703036157,0.0,0.6116207841067623,1025,0.27354162500000045,0.580068703036157
combo_w32,128,32,2,0.5921074944494862,0.03468007046704616,0.5945700675815503,20225,50.665120771,0.6166300074487618;0.5675849814502105
ridge_128_w16,128,16,1,0.6185433105416781,0.0,0.6726874859476576,2049,0.5773497499999998,0.6185433105416781
deepsets,128,8,2,0.7352089390966281,0.004576006931305292,0.7587568310265598,11969,6.025740667000036,0.7319732135647454;0.7384446646285107
ridge_128_w32,128,32,1,0.754483687991508,0.0,0.8344415306292672,4097,10.2791365,0.754483687991508
