condition,pool,seed,validation_mse,test_mse,test_r2,best_epoch,epochs_run,seconds
real,101,10,0.30354624039576344,0.35034221327165843,0.8461657440143971,15,22,212.662784625
none,101,10,0.3008946664946098,0.33382576063042746,0.8534180707604608,11,18,98.542023417
shuffled,101,10,0.29612124568562054,0.33516600925451623,0.8528295714528923,11,18,97.983454209
real,101,11,0.29847986185141456,0.3645203506382282,0.8399401647652397,20,24,236.090599084
none,101,11,0.28996840455912953,0.3484938833283297,0.8469773403646988,20,24,128.724443833
shuffled,101,11,0.2971889344055061,0.3656766985945094,0.8394324157108114,20,24,128.909738833
real,202,10,0.3373566607141438,0.313328546066166,0.8624183385923747,19,24,227.56579320900005
none,202,10,0.3458077922440933,0.33704381768379493,0.8520050311843818,19,24,131.93197483400002
shuffled,202,10,0.319397557266829,0.3233101977228331,0.8580354241220589,11,18,97.10869733399998
real,202,11,0.3082234721741381,0.37973921518906345,0.833257605209369,14,21,218.666814875
none,202,11,0.3275156204260671,0.3099910959953759,0.8638838032982536,20,24,134.091322875
shuffled,202,11,0.3303656177106701,0.35257486201041016,0.8451853943888248,14,21,119.96006575000001
real,303,10,0.33502324271004846,0.4141658118874486,0.8181409858338273,24,24,229.84481104199995
none,303,10,0.3727801291682549,0.44125596039701026,0.8062457797106747,24,24,133.72597716599998
shuffled,303,10,0.33803645058449344,0.4432391913802019,0.8053749487026216,24,24,138.85486375000002
real,303,11,0.36858983328251627,0.41367006821277164,0.8183586654523961,12,19,181.355201417
none,303,11,0.3841048514206084,0.46052612169645146,0.7977843074303603,6,13,73.85284708299997
shuffled,303,11,0.37206029638118066,0.4210279082408725,0.8151278591050425,8,15,86.05958124999998
real,404,10,0.2977932137609445,0.3166348653867424,0.8609665433091803,24,24,259.76551979099986
none,404,10,0.321673210284467,0.38262118062482087,0.8319921424937978,8,15,81.945390583
shuffled,404,10,0.3113856658891264,0.365516760866443,0.8395026439061846,11,18,96.25307049999998
real,404,11,0.29894517080076066,0.30329314930073165,0.8668248523850299,22,24,234.94479424999986
none,404,11,0.30436901366505964,0.3329304975621667,0.853811178193137,22,24,127.040683709
shuffled,404,11,0.2931614539761766,0.3250169279391788,0.857286003803714,18,24,128.28400999999997
real,505,10,0.2636408183750686,0.3442494396478114,0.8488410633501988,19,24,230.96285420800018
none,505,10,0.29654689924758376,0.373918780331423,0.8358133413779463,19,24,125.20464587499998
shuffled,505,10,0.29421081079281447,0.3671920012707313,0.8387670506735447,22,24,127.29408320900006
real,505,11,0.2981659865513977,0.45817661905375034,0.7988159672683254,15,22,200.015727792
none,505,11,0.30156734259434964,0.4056405545413564,0.8218844017604288,23,24,126.34085083299999
shuffled,505,11,0.33382451041103345,0.47768171399667164,0.7902513363023556,13,20,106.21390283300002
real,606,10,0.26234221019314546,0.3389297368673998,0.851176929507026,11,18,177.24942762499995
none,606,10,0.2644052174159519,0.35056558996702936,0.8460676599513435,17,24,125.79277416700006
shuffled,606,10,0.27949834747668567,0.3519097311165085,0.8454774514470962,13,20,112.846349541
real,606,11,0.2886317984394488,0.3929746350767184,0.8274459704878184,12,19,156.63907341700042
none,606,11,0.2919122721448239,0.3351411324943868,0.8528404947665578,17,24,119.41309725000008
shuffled,606,11,0.31088743377240097,0.38507925257892356,0.8309128101841476,11,18,100.793969834
