n,pool,seed,condition,variant,reused,best_epoch,epochs_run,parameters,trainable_parameters,validation_mse,validation_raw_mse,validation_r2,test_mse,test_raw_mse,test_r2
2048,101,10,none,baseline,True,11,18,81121,81121,0.29876237127650773,0.29876237127650773,0.8309792867198413,0.33541939867100956,0.33541939867100956,0.8527183088905055
2048,101,10,real,baseline,True,19,24,81121,81121,0.29214013134003963,0.2921403495965204,0.8347257281233951,0.33459119135691046,0.3345971248618881,0.8530819723348175
2048,101,10,shuffled,baseline,True,15,22,81121,81121,0.2843142389052973,0.2843143718583782,0.8391531194167576,0.33509619042372474,0.33510050628180377,0.8528602287002399
2048,101,11,none,baseline,True,20,24,81121,81121,0.29890182112159885,0.29892648286988305,0.8309003948828828,0.37370790103384194,0.3737509294483875,0.8359059378696542
2048,101,11,real,baseline,True,10,17,81121,81121,0.3115505487833189,0.31217116081327184,0.8237445507170466,0.35783460297234315,0.35827524517332926,0.8428758572936517
2048,101,11,shuffled,baseline,True,20,24,81121,81121,0.2868119693754184,0.286857636829764,0.8377400626658766,0.34625558898048714,0.3463252054142728,0.8479601689609495
2048,202,10,none,baseline,True,8,15,81121,81121,0.34916392908114696,0.35044264497684746,0.8024652967746788,0.3456749283170328,0.3470412318723653,0.8482151353845171
2048,202,10,real,baseline,True,19,24,81121,81121,0.3296330996804067,0.3296330996804067,0.8135145955942111,0.32364971396456216,0.32364971396456216,0.8578863435189718
2048,202,10,shuffled,baseline,True,15,22,81121,81121,0.3344108203241204,0.33444891064754273,0.8108116656783603,0.3096173285464026,0.3096467705169648,0.8640479235077125
2048,202,11,none,baseline,True,14,21,81121,81121,0.33009198729234646,0.33023140374837145,0.813254986222542,0.3749197921990256,0.3750735468609319,0.8353737999523003
2048,202,11,real,baseline,True,8,15,81121,81121,0.3293428698773647,0.330046644964672,0.8136787891240581,0.34071453941536217,0.3412444055406167,0.8503932278529118
2048,202,11,shuffled,baseline,True,14,21,81121,81121,0.3238334816987123,0.3243238023962903,0.8167956499111593,0.34708483449789473,0.34762190258139647,0.8475960496445574
2048,303,10,none,baseline,True,24,24,81121,81121,0.3599491361291927,0.3599716523198248,0.7963637138332054,0.4144706387596962,0.4145072138207256,0.8180071372328874
2048,303,10,real,baseline,True,22,24,81121,81121,0.3554061697086634,0.3554066635538502,0.7989338347675282,0.43348904819503176,0.43348908195289976,0.8096562084704267
2048,303,10,shuffled,baseline,True,22,24,81121,81121,0.3296601576712518,0.3296717756696857,0.8134992879070583,0.4056003307409076,0.40562963474614994,0.8219020639152606
2048,303,11,none,baseline,True,11,18,81121,81121,0.3940581573996903,0.394060275272968,0.7770670029395437,0.4083836590579204,0.4083837149720723,0.8206799124742086
2048,303,11,real,baseline,True,6,13,81121,81121,0.3895229231323472,0.38961282400195485,0.7796327495142671,0.4384782034228741,0.4385340461653889,0.807465484791129
2048,303,11,shuffled,baseline,True,8,15,81121,81121,0.3970213281917225,0.3970621019098552,0.7753906297112141,0.5017890812367539,0.5018151789665882,0.7796658608367595
2048,404,10,none,baseline,True,11,18,81121,81121,0.31644435404788523,0.31657614366871056,0.8209759475193378,0.3497730801102162,0.34998015426146756,0.8464156487450591
2048,404,10,real,baseline,True,24,24,81121,81121,0.2861667304494803,0.2862362265557056,0.8381050977371683,0.31895465930899786,0.3191067746322177,0.8599479284847276
2048,404,10,shuffled,baseline,True,24,24,81121,81121,0.2902319964539216,0.29023883688877317,0.8358052292603971,0.3359435778428729,0.33596764625443376,0.8524881433270876
2048,404,11,none,baseline,True,20,24,81121,81121,0.2958595078095631,0.29616951932001245,0.8326215419062678,0.3336331596398948,0.3339591531994694,0.8535026413002311
2048,404,11,real,baseline,True,22,24,81121,81121,0.29551291542800934,0.2955283808429906,0.8328176217917547,0.3104444850463183,0.31046112627288336,0.8636847214728794
2048,404,11,shuffled,baseline,True,20,24,81121,81121,0.2882391417525429,0.2882595963820416,0.8369326594707398,0.32922966865782316,0.3292345394964258,0.8554362014973891
2048,505,10,none,baseline,True,22,24,81121,81121,0.29467105417010786,0.2948529166595112,0.8332938932501899,0.37079666508436154,0.3710859259169586,0.8371842531834288
2048,505,10,real,baseline,True,19,24,81121,81121,0.2812393795852923,0.2812521650923844,0.8408926788977017,0.357165947282906,0.35719361543842504,0.8431694620794824
2048,505,10,shuffled,baseline,True,22,24,81121,81121,0.305517859788104,0.30578653980724535,0.8271574617627449,0.3787742188402183,0.37917062736017604,0.8336813323245434
2048,505,11,none,baseline,True,15,22,81121,81121,0.31529499276408024,0.3152984966711769,0.8216261828992998,0.4480306017130102,0.4480548821043202,0.8032710542367334
2048,505,11,real,baseline,True,15,22,81121,81121,0.3064435695255823,0.3064435695255823,0.8266337541771795,0.40575670847052625,0.40575670847052625,0.8218333989049441
2048,505,11,shuffled,baseline,True,15,22,81121,81121,0.3353375898097295,0.3353456270246873,0.8102873585548271,0.4353049849274029,0.4353350877209531,0.8088588358856831
2048,606,10,none,baseline,True,11,18,81121,81121,0.2665091594713856,0.26656634415099395,0.8492260988655128,0.3500769732982988,0.3501507522148775,0.8462822101221448
2048,606,10,real,baseline,True,12,19,81121,81121,0.2753056516864394,0.2753431273082983,0.8442496040606309,0.34039735617860656,0.3404338598729843,0.85053250209789
2048,606,10,shuffled,baseline,True,12,19,81121,81121,0.2689472888790198,0.2691367167604324,0.847846760598157,0.3417648802691326,0.34199367011298726,0.8499320262116303
2048,606,11,none,baseline,True,12,19,81121,81121,0.29421524580248315,0.2970778078416146,0.8335517605816274,0.35952044553610973,0.36170593001539386,0.8421356086833456
2048,606,11,real,baseline,True,12,19,81121,81121,0.33921785096016416,0.34016140011423784,0.8080921540364081,0.50998368383337,0.5105701987906314,0.7760676344575403
2048,606,11,shuffled,baseline,True,11,18,81121,81121,0.30802223735437845,0.30845833672050854,0.8257406445083966,0.3881518033609387,0.38861195518471126,0.8295636619923973
2048,101,10,none,latent32,False,19,24,81889,81889,0.3051527760808784,0.30516155812870993,0.8273640028620759,0.3829478089707271,0.38295835682025064,0.8318487209286172
2048,101,10,real,latent32,False,11,18,81889,81889,0.29448041343167247,0.29448045714928633,0.8334017456328475,0.3130371208571566,0.3130439330015247,0.8625463025616171
2048,101,10,shuffled,latent32,False,19,24,81889,81889,0.2868158267007289,0.28681722509931645,0.837737880436995,0.3660072099404847,0.36601438635318523,0.8392872891314931
2048,101,11,none,latent32,False,20,24,81889,81889,0.2966854626825719,0.296736639653788,0.83215426926689,0.3793057769201809,0.3793889191521031,0.8334479267038488
2048,101,11,real,latent32,False,20,24,81889,81889,0.2991625965979583,0.29919455657030347,0.8307528647343172,0.3762719307505939,0.37635043928609835,0.8347800798118481
2048,101,11,shuffled,latent32,False,15,22,81889,81889,0.305534625913054,0.3055551889944916,0.8271479765575435,0.4075148537363823,0.40753343733966757,0.8210614023865632
2048,202,10,none,latent32,False,19,24,81889,81889,0.3411717357122065,0.3411717357122065,0.8069867705403326,0.33391248411407753,0.33391248411407753,0.8533799907287707
2048,202,10,real,latent32,False,11,18,81889,81889,0.34003876039280734,0.34003876039280734,0.8076277357857063,0.3399361160922407,0.3399361160922407,0.8507350312902879
2048,202,10,shuffled,latent32,False,19,24,81889,81889,0.32875158333202836,0.32875158333202836,0.8140133013761155,0.31445272269622815,0.31445275469677886,0.8619247158745554
2048,202,11,none,latent32,False,10,17,81889,81889,0.32694039427179783,0.3269482356571312,0.815037956741975,0.3546174675128714,0.35462201653267533,0.8442884922005076
2048,202,11,real,latent32,False,14,21,81889,81889,0.32490001370055516,0.3249535037568812,0.8161922740612576,0.37768287944395096,0.37777815780005153,0.8341605363076569
2048,202,11,shuffled,latent32,False,14,21,81889,81889,0.3102094528837486,0.3102826932794403,0.8245032573257602,0.3493398037973523,0.34946317697715173,0.8466058991251181
2048,303,10,none,latent32,False,9,16,81889,81889,0.36428342915611994,0.36670257867952644,0.793911647008838,0.42385084094702175,0.4260642084132896,0.8138883174908803
2048,303,10,real,latent32,False,24,24,81889,81889,0.35997827813216077,0.3599986897551564,0.7963472271447813,0.4386645025282623,0.43868503415688576,0.8073836813909605
2048,303,10,shuffled,latent32,False,17,24,81889,81889,0.38424070669848964,0.3842596229921736,0.7826210910029765,0.41399534937472066,0.4140187284327267,0.8182158354318078
2048,303,11,none,latent32,False,15,22,81889,81889,0.3670519258609033,0.36706186718612954,0.7923454079749298,0.41500015913463956,0.4150014322824129,0.8177746263625931
2048,303,11,real,latent32,False,15,22,81889,81889,0.3476591903546344,0.3476609632138694,0.8033165820679664,0.4024506116655337,0.4024515474687913,0.8232850964821871
2048,303,11,shuffled,latent32,False,8,15,81889,81889,0.40261143384186626,0.40263529108665513,0.7722281041218576,0.49890033205199574,0.4989569301042278,0.7809343022769628
2048,404,10,none,latent32,False,16,23,81889,81889,0.3090217258296462,0.3091526081854765,0.825175197613986,0.3336572177541725,0.3338818383942169,0.8534920774515993
2048,404,10,real,latent32,False,16,23,81889,81889,0.2917596394056154,0.2921935038924263,0.8349409862159016,0.3276529314181892,0.32828616548338313,0.8561285422743647
2048,404,10,shuffled,latent32,False,24,24,81889,81889,0.3147010265888649,0.3147369483212123,0.8219622111152034,0.3560692738803776,0.3561907029856167,0.8436510082093698
2048,404,11,none,latent32,False,18,24,81889,81889,0.2936560641093365,0.2938939808985578,0.8338681099539564,0.355562712336111,0.35585700711460155,0.8438734379232928
2048,404,11,real,latent32,False,20,24,81889,81889,0.2970451662977847,0.29709407642737257,0.8319507718808137,0.33374586975260107,0.333771273908344,0.8534531506146289
2048,404,11,shuffled,latent32,False,20,24,81889,81889,0.2940646829072871,0.2940792939384326,0.8336369394742397,0.35968502638440136,0.35969109238908614,0.8420633417072653
2048,505,10,none,latent32,False,22,24,81889,81889,0.2956433969869043,0.2959163614483484,0.8327438036396893,0.37927950433054913,0.37964974237226623,0.8334594629222254
2048,505,10,real,latent32,False,15,22,81889,81889,0.2789912312900852,0.2789912312900852,0.8421645379567657,0.3515463804853385,0.3515463804853385,0.8456369976618842
2048,505,10,shuffled,latent32,False,22,24,81889,81889,0.3014667026546214,0.3017792716201392,0.8294493483393094,0.3779554921258711,0.37838619075359897,0.8340408328648322
2048,505,11,none,latent32,False,15,22,81889,81889,0.32134149528161876,0.3213611216935959,0.8182054570428338,0.43653867735304,0.4365982315199625,0.8083171250977061
2048,505,11,real,latent32,False,20,24,81889,81889,0.308564191657177,0.30861597347179326,0.8254340412958405,0.41115616603889504,0.41126019411473497,0.8194625126506183
2048,505,11,shuffled,latent32,False,15,22,81889,81889,0.3301480032162135,0.3302203068337683,0.813223295982012,0.42785316605498497,0.42802483585187634,0.8121309080726822
2048,606,10,none,latent32,False,11,18,81889,81889,0.27090396272413786,0.27091559036113055,0.8467397992109332,0.3457356233262764,0.3457804806179251,0.8481884843809117
2048,606,10,real,latent32,False,22,24,81889,81889,0.2596854924370059,0.2597738261951307,0.853086494886636,0.35677416205489043,0.35688241078631633,0.8433414938437824
2048,606,10,shuffled,latent32,False,11,18,81889,81889,0.2727330076406411,0.27303355724282835,0.845705042139325,0.3580603123280119,0.3584212651418841,0.842776748966185
2048,606,11,none,latent32,False,14,21,81889,81889,0.2945838914880998,0.295065725368175,0.8333432043418828,0.3678274848719477,0.3681704557213064,0.8384880116560331
2048,606,11,real,latent32,False,18,24,81889,81889,0.28940261470379186,0.28949525003977694,0.8362744406084981,0.3736867415961274,0.3737576383409514,0.8359152289177625
2048,606,11,shuffled,latent32,False,18,24,81889,81889,0.3007012903026836,0.30106150205055804,0.8298823698778827,0.36560376480542095,0.36612136636597586,0.8394644407273684
2048,101,10,none,local,False,19,24,82721,82721,0.30071195504979814,0.30071321108403903,0.8298763364434962,0.37407523213679755,0.37408179377510115,0.8357446438411789
2048,101,10,real,local,False,19,24,82721,82721,0.2924354317793244,0.292436672523152,0.8345586659506502,0.37498790260205256,0.3750015549689652,0.8353438928706595
2048,101,10,shuffled,local,False,11,18,82721,82721,0.2903159215773347,0.29031604020000795,0.8357577497730682,0.32767100128484355,0.32767190225653475,0.8561206078480033
2048,101,11,none,local,False,20,24,82721,82721,0.2878218728295473,0.2879171159550489,0.8371687236400427,0.352369083596386,0.3524794856568397,0.8452757510972662
2048,101,11,real,local,False,20,24,82721,82721,0.2842928963020995,0.2843067009700544,0.8391651937017498,0.3531931224919729,0.3532256564646867,0.8449139179935075
2048,101,11,shuffled,local,False,20,24,82721,82721,0.2920285553834301,0.29208832369540155,0.834788850690305,0.3459871172982854,0.34606700607535823,0.8480780541027342
2048,202,10,none,local,False,15,22,82721,82721,0.36766467033286554,0.3676731215080651,0.7919987561952326,0.3479729533272989,0.3479779750060291,0.8472060792265699
2048,202,10,real,local,False,19,24,82721,82721,0.3380652951889095,0.3380652951889095,0.8087441966538245,0.3143074026331912,0.3143074026331912,0.8619885254953497
2048,202,10,shuffled,local,False,24,24,82721,82721,0.36513660504274525,0.36513660504274525,0.7934289744544105,0.33423119083116676,0.33423119083116676,0.8532400475279694
2048,202,11,none,local,False,14,21,82721,82721,0.3498702824709049,0.34991629372964367,0.8020656870338181,0.4379526258078261,0.43800375222837895,0.8076962644069182
2048,202,11,real,local,False,14,21,82721,82721,0.320000387592199,0.3200776489181374,0.8189641703214932,0.3374884749253067,0.3376117139789933,0.8518097834713592
2048,202,11,shuffled,local,False,14,21,82721,82721,0.32782796641349793,0.3281567776575996,0.8145358249780692,0.3365692815576251,0.33693834504672926,0.8522133986295318
2048,303,10,none,local,False,13,20,82721,82721,0.37162857968634044,0.37164928095192024,0.789756228853387,0.3659463920952203,0.36597002917105287,0.8393139940720412
2048,303,10,real,local,False,22,24,82721,82721,0.36012056805904846,0.3601589379914205,0.7962667285705052,0.40557108224856336,0.40561711979899207,0.8219149068439402
2048,303,10,shuffled,local,False,12,19,82721,82721,0.3406288541549804,0.3407817379123146,0.8072938983343616,0.38931599832967534,0.3894408714839463,0.8290524673374189
2048,303,11,none,local,False,14,21,82721,82721,0.3899996942734998,0.39000836443974646,0.7793630227812629,0.4544810387751492,0.4544970637834092,0.8004386859161431
2048,303,11,real,local,False,5,12,82721,82721,0.39949231135813934,0.3996616843313048,0.773992704880498,0.4801008395650606,0.48026897221448966,0.7891891052384092
2048,303,11,shuffled,local,False,7,14,82721,82721,0.3960920727857907,0.3960928206864233,0.7759163432100692,0.4072497994237397,0.4072497994237397,0.8211777869712251
2048,404,10,none,local,False,12,19,82721,82721,0.3053644637984401,0.30540862706138655,0.8272442434396894,0.33372042405757524,0.3338403237101561,0.8534643237459675
2048,404,10,real,local,False,24,24,82721,82721,0.2993674095497775,0.2994292298660647,0.8306369946163449,0.3439563751005791,0.344086852682122,0.8489697471481294
2048,404,10,shuffled,local,False,15,22,82721,82721,0.31626848105360106,0.3162686721796671,0.8210754452533182,0.34861039156215173,0.3486103998428506,0.8469261819350627
2048,404,11,none,local,False,22,24,82721,82721,0.3032145413616088,0.30322142238289135,0.8284605325667894,0.34880512081539405,0.3488187892141976,0.8468406768812714
2048,404,11,real,local,False,22,24,82721,82721,0.3034738335558409,0.30350504556330293,0.8283138415647404,0.32346929479807335,0.32353009158108925,0.8579655650549185
2048,404,11,shuffled,local,False,16,23,82721,82721,0.3066113442666083,0.306896572995776,0.8265388379188923,0.3716026858474647,0.3718364886597087,0.8368303317897063
2048,505,10,none,local,False,7,14,82721,82721,0.33485855554869104,0.3356093803710423,0.8105583656168625,0.39725861574877475,0.39832390956767116,0.8255648869232995
2048,505,10,real,local,False,19,24,82721,82721,0.2791293077004118,0.27913109072900444,0.8420864231216851,0.3458769220878732,0.34588849655025977,0.8481264405019884
2048,505,10,shuffled,local,False,22,24,82721,82721,0.310386792204524,0.310599545095386,0.8244029300376818,0.37352982928384965,0.37382745490212294,0.8359841286617837
2048,505,11,none,local,False,14,21,82721,82721,0.30149388426533613,0.3015093524667525,0.829433970715911,0.3735561328672028,0.3736219031798658,0.8359725788341534
2048,505,11,real,local,False,15,22,82721,82721,0.3060302749592613,0.3060369496628489,0.826867569908712,0.44513512481090445,0.4451677927999598,0.8045424497982312
2048,505,11,shuffled,local,False,14,21,82721,82721,0.32437281322044825,0.3243735953523892,0.8164905305010113,0.37421248164650117,0.3742132607451914,0.8356843779770899
2048,606,10,none,local,False,17,24,82721,82721,0.26436203533231495,0.26443726695964787,0.8504408048940404,0.3719284311325599,0.3719960512085972,0.8366872979739823
2048,606,10,real,local,False,17,24,82721,82721,0.2624220456654669,0.26254233797590415,0.8515383274362729,0.37620697438208106,0.3763558434344872,0.8348086019660252
2048,606,10,shuffled,local,False,22,24,82721,82721,0.27077185698143197,0.27089178730247293,0.8468145362227101,0.37343666011922366,0.3735824983683996,0.8360250389734107
2048,606,11,none,local,False,10,17,82721,82721,0.2996055249466691,0.2996080876053112,0.8305022840968987,0.38319091076313855,0.38319162578654087,0.8317419756323106
2048,606,11,real,local,False,12,19,82721,82721,0.2876216299095547,0.2902836278427345,0.8372820083251985,0.3965313821199936,0.39918024535672225,0.8258842131134452
2048,606,11,shuffled,local,False,14,21,82721,82721,0.29936550981121063,0.2995099013775413,0.8306380693673794,0.37697287761134807,0.37713576908965946,0.8344722960657713
2048,101,10,none,no_id,False,15,22,81121,15585,1.3104400106698988,1.3104400106698988,0.25863653990986624,1.7244786002077346,1.7244786002077346,0.242786417461069
2048,101,10,real,no_id,False,23,24,81121,15585,0.8414728360412593,0.8415256020631328,0.5239482859039848,1.0667063507626866,1.0667281208843742,0.531612316162843
2048,101,10,shuffled,no_id,False,23,24,81121,15585,1.3188837912547917,1.3201808529378993,0.25385958687142995,1.410796332481781,1.411490146516457,0.3805233970299037
2048,101,11,none,no_id,False,16,23,81121,15585,1.4817039051602994,1.4817039051602994,0.16174634091250173,1.7953624047235162,1.7953624047235162,0.2116615432208676
2048,101,11,real,no_id,False,24,24,81121,15585,0.9775997360614693,0.978238446539579,0.44693635953679733,1.3005921592638872,1.3009125092955451,0.42891373182617776
2048,101,11,shuffled,no_id,False,21,24,81121,15585,1.5027436334956288,1.5027981340647638,0.14984340321903,1.7011113612522897,1.701141070926592,0.25304690473030167
2048,202,10,none,no_id,False,1,12,81121,15585,1.7838107818619346,1.7838107818619346,-0.009166480433706603,2.340462728464235,2.340462728464235,-0.027690437681139102
2048,202,10,real,no_id,False,1,12,81121,15585,1.781202971043034,1.781202971043034,-0.007691147235529661,2.336110200472012,2.336110200472012,-0.02577925518592261
2048,202,10,shuffled,no_id,False,19,24,81121,15585,1.3945475101606768,1.3945475101606768,0.21105387581665314,1.5668629312706028,1.5668629312706028,0.31199500336394914
2048,202,11,none,no_id,False,15,22,81121,15585,1.780527523243453,1.7805372862441975,-0.007309021908364466,2.275683192388184,2.275683192388184,0.0007540698827400716
2048,202,11,real,no_id,False,20,24,81121,15585,1.1275174137979922,1.1275394056518442,0.3621224898514467,1.4738231992771522,1.4738384839622043,0.3528484814950992
2048,202,11,shuffled,no_id,False,20,24,81121,15585,1.5588403923520686,1.559354867540062,0.11810743140266866,2.040055794799623,2.040116436966678,0.10421738096753186
2048,303,10,none,no_id,False,22,24,81121,15585,1.3242728792080598,1.3242730002455574,0.25081078428662296,1.674682924978279,1.674686543191156,0.26465155491821046
2048,303,10,real,no_id,False,22,24,81121,15585,0.9013619160872877,0.901410676170316,0.49006686039573777,0.9968011694764011,0.9968520759438779,0.5623074797638556
2048,303,10,shuffled,no_id,False,19,24,81121,15585,0.810084090314866,0.8101877608484941,0.5417060382239193,0.8879684923664146,0.8880272400089513,0.6100955945724873
2048,303,11,none,no_id,False,20,24,81121,15585,1.557515223928576,1.5575323033695974,0.11885712726027642,1.9379614721634013,1.9379725481272383,0.1490467037500509
2048,303,11,real,no_id,False,23,24,81121,15585,1.0113691893285133,1.0114010977761052,0.4278317545830691,1.0979984119655797,1.0980071507739246,0.5178720622880684
2048,303,11,shuffled,no_id,False,22,24,81121,15585,0.8113469780501014,0.8113477021401884,0.5409915768113585,0.9040686470578164,0.9040694754375486,0.603026063056214
2048,404,10,none,no_id,False,20,24,81121,15585,1.3104431100415317,1.3104476434252745,0.2586347864828805,1.771667531961927,1.771667531961927,0.2220658935499733
2048,404,10,real,no_id,False,23,24,81121,15585,1.071584413165955,1.0715847143130801,0.3937658176987038,1.2527139797659124,1.2527157373105826,0.44993690243481055
2048,404,10,shuffled,no_id,False,23,24,81121,15585,1.3104252871066844,1.3104252871066844,0.2586448695637845,1.7465798424703316,1.7465798424703316,0.23308182569042835
2048,404,11,none,no_id,False,2,12,81121,15585,1.798276437407369,1.798276437407369,-0.017350226626066112,2.3750816412260067,2.3750816412260067,-0.042891502485762345
2048,404,11,real,no_id,False,24,24,81121,15585,1.221673807655264,1.2217284098872918,0.3088548016159872,1.3419775497088462,1.342089669897707,0.4107415261752495
2048,404,11,shuffled,no_id,False,22,24,81121,15585,1.4202889744050111,1.4202889744050111,0.19649099552867233,1.8752394539794184,1.8752394539794184,0.17658776113832142
2048,505,10,none,no_id,False,23,24,81121,15585,1.3910914614156775,1.3910914614156775,0.21300908798582607,1.7969875089769471,1.7969875093612557,0.2109479646275516
2048,505,10,real,no_id,False,23,24,81121,15585,0.814561480128668,0.8145697939785473,0.539173016355306,0.9617830583272405,0.9617983611397107,0.5776838314296914
2048,505,10,shuffled,no_id,False,22,24,81121,15585,1.2155522466493867,1.2155522466493867,0.3123179907826169,1.2870943472005498,1.2870943472005498,0.43484058219572463
2048,505,11,none,no_id,False,20,24,81121,15585,1.7563546817270885,1.7564693128867124,0.006366431588832433,2.1810954829030194,2.181176945590888,0.0422872604684541
2048,505,11,real,no_id,False,21,24,81121,15585,1.1037978713886334,1.1037979361736292,0.3755414955969807,1.40193716936923,1.40193716936923,0.3844134300160732
2048,505,11,shuffled,no_id,False,23,24,81121,15585,1.2008223293114437,1.200822858264968,0.3206512394590798,1.3702470865671659,1.3702470865671659,0.39832845402774586
2048,606,10,none,no_id,False,1,12,81121,15585,1.7806965944725246,1.7806965944725246,-0.007404671636978888,2.3377198792506384,2.3377198792506384,-0.026486060497715957
2048,606,10,real,no_id,False,23,24,81121,15585,1.2561417245204425,1.2561482866852296,0.2893550504627811,1.6196047050069684,1.6196059484742646,0.2888362425445571
2048,606,10,shuffled,no_id,False,23,24,81121,15585,1.3051776918579767,1.3052019812174753,0.26161362459191106,1.6024150886860042,1.6024310756078426,0.2963841535219963
2048,606,11,none,no_id,False,16,23,81121,15585,1.7084250288512146,1.7084250288512146,0.03348197522887464,2.1995839274998934,2.1995839274998934,0.034169037738937424
2048,606,11,real,no_id,False,24,24,81121,15585,1.195151242255756,1.1952592794398513,0.3238595791677612,1.6071156261318162,1.6072222928303763,0.29432016107884684
2048,606,11,shuffled,no_id,False,19,24,81121,15585,1.5973901641951715,1.597390237459151,0.09629842678850242,2.0794577277222195,2.0794577277222195,0.08691610579735365
