mouse,seed,condition,mse,raw_mse,r2,rmse_speed_units,untrained_mse,constant_mse,best_epoch,epochs_run
MP030,10,functional,0.5266846159643902,0.528754817889172,0.6193022528917609,2.376796341838256,1.7057275087851629,1.4134596090310452,15,22
MP030,10,random,1.7057275087851629,2.50654110860372,-0.23293257500227638,4.277317420735289,1.7057275087851629,1.4134596090310452,0,12
MP030,10,global,1.7057275087851629,2.50752900839264,-0.23293257500227638,4.277317420735289,1.7057275087851629,1.4134596090310452,0,12
MP030,11,functional,0.4811597569676891,0.4822586642441884,0.6522084945630311,2.271754004225406,1.6800172795315964,1.4134596090310452,19,24
MP030,11,random,0.8269990824337146,0.8270015749545256,0.402229193714702,2.9783049797548276,1.6860949041995397,1.4134596090310452,7,14
MP030,11,global,0.709904478374528,0.7099967591756605,0.48686742048773834,2.759412401169899,1.6864851129690404,1.4134596090310452,7,14
MP032,10,functional,0.0061777847911105264,0.3406195176976975,-0.07585552201975254,0.1768207292784353,0.0061777847911105264,0.09190185954213388,0,12
MP032,10,random,0.0061777847911105264,0.35198112751569155,-0.07585552201975254,0.1768207292784353,0.0061777847911105264,0.09190185954213388,0,12
MP032,10,global,0.0061777847911105264,0.3530398056811462,-0.07585552201975254,0.1768207292784353,0.0061777847911105264,0.09190185954213388,0,12
MP032,11,functional,0.006486298861950831,0.017425903668001348,-0.1295829628350984,0.18118209100480664,0.006486298861950831,0.09190185954213388,0,12
MP032,11,random,0.006397163602541544,0.017127146341354794,-0.11406013964123551,0.17993287475443737,0.006397163602541544,0.09190185954213388,0,12
MP032,11,global,0.006399871744044562,0.017326981008653725,-0.11453175998557397,0.17997095664166415,0.006399871744044562,0.09190185954213388,0,12
MP033,10,functional,0.3152645033841065,0.3179882833976737,0.6111588491090927,4.651626021871932,0.8748430837869692,1.2048569620706868,18,24
MP033,10,random,0.28607984001164005,0.28607984001164005,0.6471546493729979,4.431093162176023,0.8750748759282113,1.2048569620706868,21,24
MP033,10,global,0.24614956991524203,0.24614956991524203,0.6964038734784825,4.110236338724057,0.8753361747532215,1.2048569620706868,21,24
MP033,11,functional,0.6983676289206938,0.69837320790309,0.1386468515815582,6.92323867851603,0.8769642189794168,1.2048569620706868,18,24
MP033,11,random,0.34485101023595494,0.3448816924340701,0.5746674228570929,4.865001798890089,0.8771911092532064,1.2048569620706868,21,24
MP033,11,global,0.4065764182923459,0.4065879292651904,0.4985364964438026,5.2824859026502144,0.8769538506333014,1.2048569620706868,22,24
MP034,10,functional,0.24375815124493627,0.25171238073162927,0.6429149175845927,4.383114790065964,1.7760965559195967,0.7090071302831115,15,22
MP034,10,random,0.37870234507130585,0.37870234507130585,0.4452330828321195,5.463265016636624,1.7850065653332088,0.7090071302831115,7,14
MP034,10,global,0.26856113374642226,0.2690785143254042,0.6065806452517202,4.600709923995804,1.7875245914552458,0.7090071302831115,12,19
MP034,11,functional,0.21249390351824896,0.21271965755010325,0.6887143971881359,4.0923852267169005,0.9664066652446022,0.7090071302831115,12,19
MP034,11,random,0.36214042888469367,0.3677465514811187,0.46949488977580145,5.342466120158304,0.9713127451087965,0.7090071302831115,12,19
MP034,11,global,0.21831221914876098,0.21831287165371813,0.6801910567138616,4.148033862149266,0.9708671514305921,0.7090071302831115,19,24
